timestamp,project_name,run_id,duration,emissions,emissions_rate,cpu_power,gpu_power,ram_power,cpu_energy,gpu_energy,ram_energy,energy_consumed,country_name,country_iso_code,region,cloud_provider,cloud_region,os,python_version,codecarbon_version,cpu_count,cpu_model,gpu_count,gpu_model,longitude,latitude,ram_total_size,tracking_mode,on_cloud,pue
2024-05-22T16:39:46,Epoch 0,193e1618-225f-4dc7-9373-983fad27d27d,157.22001004219055,0.0055795748525444,3.548896130363514e-05,52.5,547.1275396221267,1.9353618621826167,0.0022927885830402,0.0233053475331388,6.4284671710044e-05,0.0256624207878891,Spain,ESP,principality of asturias,,,Linux-6.2.0-39-generic-x86_64-with-glibc2.35,3.9.18,2.4.2,24,AMD Ryzen 9 5900X 12-Core Processor,2,2 x NVIDIA GeForce RTX 3090,-5.8144,43.3562,62.709999084472656,process,N,1.0
2024-05-22T16:42:20,Epoch 1,193e1618-225f-4dc7-9373-983fad27d27d,310.39028215408325,0.0111680070644336,3.5980530662650186e-05,52.5,552.4779425101734,1.935705184936524,0.0045265185539921,0.0466925404095519,0.0001465207130003,0.0513655796765444,Spain,ESP,principality of asturias,,,Linux-6.2.0-39-generic-x86_64-with-glibc2.35,3.9.18,2.4.2,24,AMD Ryzen 9 5900X 12-Core Processor,2,2 x NVIDIA GeForce RTX 3090,-5.8144,43.3562,62.709999084472656,process,N,1.0
2024-05-22T16:44:53,Epoch 2,193e1618-225f-4dc7-9373-983fad27d27d,463.6017882823944,0.016778065557317,3.61906834300152e-05,52.5,555.5505950478167,1.9360485076904297,0.0067608499238888,0.070178563920578,0.0002287915685872,0.0771682054130541,Spain,ESP,principality of asturias,,,Linux-6.2.0-39-generic-x86_64-with-glibc2.35,3.9.18,2.4.2,24,AMD Ryzen 9 5900X 12-Core Processor,2,2 x NVIDIA GeForce RTX 3090,-5.8144,43.3562,62.709999084472656,process,N,1.0
2024-05-22T16:47:26,Epoch 3,193e1618-225f-4dc7-9373-983fad27d27d,616.8209042549133,0.0224315139403703,3.636633224593196e-05,52.5,561.8645231591536,1.9362545013427728,0.0089952919855713,0.0938640337022747,0.0003110707778766,0.1031703964657227,Spain,ESP,principality of asturias,,,Linux-6.2.0-39-generic-x86_64-with-glibc2.35,3.9.18,2.4.2,24,AMD Ryzen 9 5900X 12-Core Processor,2,2 x NVIDIA GeForce RTX 3090,-5.8144,43.3562,62.709999084472656,process,N,1.0
2024-05-22T16:49:59,Epoch 4,193e1618-225f-4dc7-9373-983fad27d27d,769.9979209899902,0.028040303141594,3.641607642984601e-05,52.5,558.3890061835953,1.936666488647461,0.0112291205172737,0.1173447083201182,0.0003933554475194,0.1289671842849114,Spain,ESP,principality of asturias,,,Linux-6.2.0-39-generic-x86_64-with-glibc2.35,3.9.18,2.4.2,24,AMD Ryzen 9 5900X 12-Core Processor,2,2 x NVIDIA GeForce RTX 3090,-5.8144,43.3562,62.709999084472656,process,N,1.0
2024-05-22T16:52:32,Epoch 5,193e1618-225f-4dc7-9373-983fad27d27d,923.132063150406,0.0336688435470786,3.64724018275086e-05,52.5,561.8899823807889,1.936872482299805,0.0134623236174384,0.1409168713445154,0.0004756198547557,0.1548548148167096,Spain,ESP,principality of asturias,,,Linux-6.2.0-39-generic-x86_64-with-glibc2.35,3.9.18,2.4.2,24,AMD Ryzen 9 5900X 12-Core Processor,2,2 x NVIDIA GeForce RTX 3090,-5.8144,43.3562,62.709999084472656,process,N,1.0
2024-05-22T16:55:06,Epoch 6,193e1618-225f-4dc7-9373-983fad27d27d,1076.3426296710968,0.0393363452310056,3.654630425910552e-05,52.5,557.4998394260458,1.936872482299805,0.0156966413334012,0.1646670764557711,0.0005579241376134,0.1809216419267858,Spain,ESP,principality of asturias,,,Linux-6.2.0-39-generic-x86_64-with-glibc2.35,3.9.18,2.4.2,24,AMD Ryzen 9 5900X 12-Core Processor,2,2 x NVIDIA GeForce RTX 3090,-5.8144,43.3562,62.709999084472656,process,N,1.0
2024-05-22T16:57:39,Epoch 7,193e1618-225f-4dc7-9373-983fad27d27d,1229.580097436905,0.0449525508801485,3.6559270090540245e-05,52.5,558.3038926384984,1.936941146850586,0.0179313515156507,0.1881809355446222,0.0006402535296792,0.2067525405899522,Spain,ESP,principality of asturias,,,Linux-6.2.0-39-generic-x86_64-with-glibc2.35,3.9.18,2.4.2,24,AMD Ryzen 9 5900X 12-Core Processor,2,2 x NVIDIA GeForce RTX 3090,-5.8144,43.3562,62.709999084472656,process,N,1.0
2024-05-22T17:00:12,Epoch 8,193e1618-225f-4dc7-9373-983fad27d27d,1382.7546107769012,0.0505584576916031,3.656357917562602e-05,52.5,555.2497571044827,1.936941146850586,0.020165142934521,0.2116483973741338,0.0007225309794537,0.2325360712881087,Spain,ESP,principality of asturias,,,Linux-6.2.0-39-generic-x86_64-with-glibc2.35,3.9.18,2.4.2,24,AMD Ryzen 9 5900X 12-Core Processor,2,2 x NVIDIA GeForce RTX 3090,-5.8144,43.3562,62.709999084472656,process,N,1.0
2024-05-22T17:02:45,Epoch 9,193e1618-225f-4dc7-9373-983fad27d27d,1535.934761762619,0.056185155802921,3.658043114959108e-05,52.5,558.3936468700823,1.936941146850586,0.0223990170593062,0.2352113806689288,0.0008048307349428,0.2584152284631779,Spain,ESP,principality of asturias,,,Linux-6.2.0-39-generic-x86_64-with-glibc2.35,3.9.18,2.4.2,24,AMD Ryzen 9 5900X 12-Core Processor,2,2 x NVIDIA GeForce RTX 3090,-5.8144,43.3562,62.709999084472656,process,N,1.0
2024-05-22T17:05:18,Epoch 10,193e1618-225f-4dc7-9373-983fad27d27d,1689.167565822601,0.0617905873200938,3.658049596163225e-05,52.5,558.013584781057,1.936941146850586,0.0246336591387788,0.2586757552737708,0.0008871587037581,0.2841965731163076,Spain,ESP,principality of asturias,,,Linux-6.2.0-39-generic-x86_64-with-glibc2.35,3.9.18,2.4.2,24,AMD Ryzen 9 5900X 12-Core Processor,2,2 x NVIDIA GeForce RTX 3090,-5.8144,43.3562,62.709999084472656,process,N,1.0
2024-05-22T17:07:52,Epoch 11,193e1618-225f-4dc7-9373-983fad27d27d,1842.398667812348,0.0673813972036568,3.657264759296914e-05,52.5,550.9599188308243,1.936872482299805,0.0268682764798402,0.2820729103803643,0.0009694808903305,0.3099106677505349,Spain,ESP,principality of asturias,,,Linux-6.2.0-39-generic-x86_64-with-glibc2.35,3.9.18,2.4.2,24,AMD Ryzen 9 5900X 12-Core Processor,2,2 x NVIDIA GeForce RTX 3090,-5.8144,43.3562,62.709999084472656,process,N,1.0
2024-05-22T17:10:25,Epoch 12,193e1618-225f-4dc7-9373-983fad27d27d,1995.5711524486544,0.0730339292607678,3.6598008129728665e-05,52.5,545.9070928633901,1.936941146850586,0.0291020382473866,0.3057548573814586,0.001051748670112,0.335908644298957,Spain,ESP,principality of asturias,,,Linux-6.2.0-39-generic-x86_64-with-glibc2.35,3.9.18,2.4.2,24,AMD Ryzen 9 5900X 12-Core Processor,2,2 x NVIDIA GeForce RTX 3090,-5.8144,43.3562,62.709999084472656,process,N,1.0
2024-05-22T17:12:58,Epoch 13,193e1618-225f-4dc7-9373-983fad27d27d,2148.608087062836,0.0786066623762796,3.6584923443965806e-05,52.5,556.3284015137971,1.936941146850586,0.0313338236957788,0.329071808535005,0.0011339653089299,0.3615395975397139,Spain,ESP,principality of asturias,,,Linux-6.2.0-39-generic-x86_64-with-glibc2.35,3.9.18,2.4.2,24,AMD Ryzen 9 5900X 12-Core Processor,2,2 x NVIDIA GeForce RTX 3090,-5.8144,43.3562,62.709999084472656,process,N,1.0
2024-05-22T17:15:31,Epoch 14,193e1618-225f-4dc7-9373-983fad27d27d,2301.797643184662,0.0842238072678949,3.6590448129648224e-05,52.5,549.3540661603688,1.9370784759521484,0.0335678349927067,0.3525907051278807,0.0012162759876946,0.387374816108282,Spain,ESP,principality of asturias,,,Linux-6.2.0-39-generic-x86_64-with-glibc2.35,3.9.18,2.4.2,24,AMD Ryzen 9 5900X 12-Core Processor,2,2 x NVIDIA GeForce RTX 3090,-5.8144,43.3562,62.709999084472656,process,N,1.0
2024-05-22T17:18:04,Epoch 15,193e1618-225f-4dc7-9373-983fad27d27d,2454.987758874893,0.0898785758402063,3.661060040535484e-05,52.5,560.0220617747825,1.937215805053711,0.0358018548359473,0.3762826274147528,0.0012985969234696,0.4133830791741698,Spain,ESP,principality of asturias,,,Linux-6.2.0-39-generic-x86_64-with-glibc2.35,3.9.18,2.4.2,24,AMD Ryzen 9 5900X 12-Core Processor,2,2 x NVIDIA GeForce RTX 3090,-5.8144,43.3562,62.709999084472656,process,N,1.0
2024-05-22T17:20:37,Epoch 16,193e1618-225f-4dc7-9373-983fad27d27d,2608.198097229004,0.0954749074653628,3.660569631072006e-05,52.5,554.1860795881801,1.937284469604492,0.0380361692766348,0.3997054805974329,0.0013809203596842,0.439122570233752,Spain,ESP,principality of asturias,,,Linux-6.2.0-39-generic-x86_64-with-glibc2.35,3.9.18,2.4.2,24,AMD Ryzen 9 5900X 12-Core Processor,2,2 x NVIDIA GeForce RTX 3090,-5.8144,43.3562,62.709999084472656,process,N,1.0
2024-05-22T17:23:11,Epoch 17,193e1618-225f-4dc7-9373-983fad27d27d,2761.377923488617,0.1010782229687339,3.660426995846902e-05,52.5,536.371841021677,1.937284469604492,0.0402700385337074,0.4231609185284668,0.0014632255354191,0.4648941825975933,Spain,ESP,principality of asturias,,,Linux-6.2.0-39-generic-x86_64-with-glibc2.35,3.9.18,2.4.2,24,AMD Ryzen 9 5900X 12-Core Processor,2,2 x NVIDIA GeForce RTX 3090,-5.8144,43.3562,62.709999084472656,process,N,1.0
2024-05-22T17:25:44,Epoch 18,193e1618-225f-4dc7-9373-983fad27d27d,2914.568916320801,0.1067312125119748,3.661989665583434e-05,52.5,555.0231947423938,1.9372830390930176,0.0425040710017085,0.4468446463643118,0.0015455459190879,0.4908942632851082,Spain,ESP,principality of asturias,,,Linux-6.2.0-39-generic-x86_64-with-glibc2.35,3.9.18,2.4.2,24,AMD Ryzen 9 5900X 12-Core Processor,2,2 x NVIDIA GeForce RTX 3090,-5.8144,43.3562,62.709999084472656,process,N,1.0
2024-05-22T17:28:17,Epoch 19,193e1618-225f-4dc7-9373-983fad27d27d,3067.808441877365,0.1123259582250741,3.661439765656802e-05,52.5,556.9447003291745,1.937351703643799,0.04473881128033,0.4702597553741583,0.0016278935246753,0.5166264601791639,Spain,ESP,principality of asturias,,,Linux-6.2.0-39-generic-x86_64-with-glibc2.35,3.9.18,2.4.2,24,AMD Ryzen 9 5900X 12-Core Processor,2,2 x NVIDIA GeForce RTX 3090,-5.8144,43.3562,62.709999084472656,process,N,1.0
2024-05-22T17:30:50,Epoch 20,193e1618-225f-4dc7-9373-983fad27d27d,3221.0142226219177,0.1179385677174731,3.661535142849221e-05,52.5,553.939698508777,1.937351703643799,0.046973059426248,0.4937575319501377,0.001710227480368,0.5424408188567539,Spain,ESP,principality of asturias,,,Linux-6.2.0-39-generic-x86_64-with-glibc2.35,3.9.18,2.4.2,24,AMD Ryzen 9 5900X 12-Core Processor,2,2 x NVIDIA GeForce RTX 3090,-5.8144,43.3562,62.709999084472656,process,N,1.0
2024-05-22T17:33:23,Epoch 21,193e1618-225f-4dc7-9373-983fad27d27d,3374.070281982422,0.1235609694295156,3.662074559896774e-05,52.5,545.7024750162165,1.9374890327453616,0.0492051241248845,0.5173026160639722,0.0017924751965024,0.5683002153853594,Spain,ESP,principality of asturias,,,Linux-6.2.0-39-generic-x86_64-with-glibc2.35,3.9.18,2.4.2,24,AMD Ryzen 9 5900X 12-Core Processor,2,2 x NVIDIA GeForce RTX 3090,-5.8144,43.3562,62.709999084472656,process,N,1.0
2024-05-22T17:35:56,Epoch 22,193e1618-225f-4dc7-9373-983fad27d27d,3527.00780248642,0.129052496717532,3.658979620814972e-05,52.5,528.7455069442682,1.93742036819458,0.0514354597528775,0.5402475646976939,0.0018746501064283,0.593557674557,Spain,ESP,principality of asturias,,,Linux-6.2.0-39-generic-x86_64-with-glibc2.35,3.9.18,2.4.2,24,AMD Ryzen 9 5900X 12-Core Processor,2,2 x NVIDIA GeForce RTX 3090,-5.8144,43.3562,62.709999084472656,process,N,1.0
2024-05-22T17:38:29,Epoch 23,193e1618-225f-4dc7-9373-983fad27d27d,3679.932195901871,0.134554939121181,3.656451585467448e-05,52.5,539.8769630460282,1.937695026397705,0.053665604361395,0.5632428950383996,0.0019568367721704,0.6188653361719652,Spain,ESP,principality of asturias,,,Linux-6.2.0-39-generic-x86_64-with-glibc2.35,3.9.18,2.4.2,24,AMD Ryzen 9 5900X 12-Core Processor,2,2 x NVIDIA GeForce RTX 3090,-5.8144,43.3562,62.709999084472656,process,N,1.0
2024-05-22T17:41:02,Epoch 24,193e1618-225f-4dc7-9373-983fad27d27d,3832.845305204392,0.1400633796503463,3.654292529368787e-05,52.5,538.9711669840675,1.937695026397705,0.0558955841769774,0.5862659773457324,0.0020390237462435,0.6442005852689533,Spain,ESP,principality of asturias,,,Linux-6.2.0-39-generic-x86_64-with-glibc2.35,3.9.18,2.4.2,24,AMD Ryzen 9 5900X 12-Core Processor,2,2 x NVIDIA GeForce RTX 3090,-5.8144,43.3562,62.709999084472656,process,N,1.0
2024-05-22T17:43:35,Epoch 25,193e1618-225f-4dc7-9373-983fad27d27d,3985.73867750168,0.1455328535538888,3.651339571642741e-05,52.5,541.3748204016617,1.937695026397705,0.0581252762829263,0.609110132009917,0.002121204901262,0.6693566131941056,Spain,ESP,principality of asturias,,,Linux-6.2.0-39-generic-x86_64-with-glibc2.35,3.9.18,2.4.2,24,AMD Ryzen 9 5900X 12-Core Processor,2,2 x NVIDIA GeForce RTX 3090,-5.8144,43.3562,62.709999084472656,process,N,1.0
2024-05-22T17:46:08,Epoch 26,193e1618-225f-4dc7-9373-983fad27d27d,4138.605865955353,0.1510528602510183,3.6498488897818587e-05,52.5,545.2809191965135,1.9377636909484863,0.0603545866037408,0.6321871085270345,0.0022033640215564,0.694745059152332,Spain,ESP,principality of asturias,,,Linux-6.2.0-39-generic-x86_64-with-glibc2.35,3.9.18,2.4.2,24,AMD Ryzen 9 5900X 12-Core Processor,2,2 x NVIDIA GeForce RTX 3090,-5.8144,43.3562,62.709999084472656,process,N,1.0
2024-05-22T17:48:41,Epoch 27,193e1618-225f-4dc7-9373-983fad27d27d,4291.508271455765,0.156531138271826,3.647462112865219e-05,52.5,530.3905036165291,1.9377636909484863,0.0625844100231925,0.6550716393346505,0.0022855309414183,0.7199415802992617,Spain,ESP,principality of asturias,,,Linux-6.2.0-39-generic-x86_64-with-glibc2.35,3.9.18,2.4.2,24,AMD Ryzen 9 5900X 12-Core Processor,2,2 x NVIDIA GeForce RTX 3090,-5.8144,43.3562,62.709999084472656,process,N,1.0
2024-05-22T17:51:14,Epoch 28,193e1618-225f-4dc7-9373-983fad27d27d,4444.404234409332,0.1620140198170289,3.645348426290501e-05,52.5,532.1012528483211,1.9376893043518064,0.0648141398573914,0.6779774221037087,0.0023677127076497,0.7451592746687501,Spain,ESP,principality of asturias,,,Linux-6.2.0-39-generic-x86_64-with-glibc2.35,3.9.18,2.4.2,24,AMD Ryzen 9 5900X 12-Core Processor,2,2 x NVIDIA GeForce RTX 3090,-5.8144,43.3562,62.709999084472656,process,N,1.0
2024-05-22T17:53:47,Epoch 29,193e1618-225f-4dc7-9373-983fad27d27d,4597.286498069763,0.1675407166268763,3.644339257455908e-05,52.5,551.1666039100635,1.937757968902588,0.0670436698858936,0.7010849419786069,0.002449878936229,0.7705784908007299,Spain,ESP,principality of asturias,,,Linux-6.2.0-39-generic-x86_64-with-glibc2.35,3.9.18,2.4.2,24,AMD Ryzen 9 5900X 12-Core Processor,2,2 x NVIDIA GeForce RTX 3090,-5.8144,43.3562,62.709999084472656,process,N,1.0
2024-05-22T17:56:19,Epoch 30,193e1618-225f-4dc7-9373-983fad27d27d,4750.210824966431,0.1730162642587689,3.6422860086423975e-05,52.5,534.0178991594006,1.9377565383911133,0.0692738136216997,0.7239565636092351,0.0025320767009066,0.7957624539318418,Spain,ESP,principality of asturias,,,Linux-6.2.0-39-generic-x86_64-with-glibc2.35,3.9.18,2.4.2,24,AMD Ryzen 9 5900X 12-Core Processor,2,2 x NVIDIA GeForce RTX 3090,-5.8144,43.3562,62.709999084472656,process,N,1.0
2024-05-22T17:58:52,Epoch 31,193e1618-225f-4dc7-9373-983fad27d27d,4903.119098186493,0.1785117099035683,3.640778580507949e-05,52.5,538.3684099482905,1.9378252029418943,0.0715037231857577,0.7469199436465743,0.0026142681676601,0.8210379349999923,Spain,ESP,principality of asturias,,,Linux-6.2.0-39-generic-x86_64-with-glibc2.35,3.9.18,2.4.2,24,AMD Ryzen 9 5900X 12-Core Processor,2,2 x NVIDIA GeForce RTX 3090,-5.8144,43.3562,62.709999084472656,process,N,1.0
2024-05-22T18:01:25,Epoch 32,193e1618-225f-4dc7-9373-983fad27d27d,5056.007151842117,0.1840125470662929,3.639483520098452e-05,52.5,523.0721976231905,1.9378252029418943,0.0737333372170726,0.7699084514818253,0.0026964248502965,0.8463382135491945,Spain,ESP,principality of asturias,,,Linux-6.2.0-39-generic-x86_64-with-glibc2.35,3.9.18,2.4.2,24,AMD Ryzen 9 5900X 12-Core Processor,2,2 x NVIDIA GeForce RTX 3090,-5.8144,43.3562,62.709999084472656,process,N,1.0
2024-05-22T18:03:58,Epoch 33,193e1618-225f-4dc7-9373-983fad27d27d,5208.897692680359,0.1894842671123167,3.637703757909923e-05,52.5,540.9252004236388,1.937893867492676,0.0759629875615238,0.7927629897654356,0.0027785949440927,0.8715045722710522,Spain,ESP,principality of asturias,,,Linux-6.2.0-39-generic-x86_64-with-glibc2.35,3.9.18,2.4.2,24,AMD Ryzen 9 5900X 12-Core Processor,2,2 x NVIDIA GeForce RTX 3090,-5.8144,43.3562,62.709999084472656,process,N,1.0
2024-05-22T18:06:31,Epoch 34,193e1618-225f-4dc7-9373-983fad27d27d,5361.776142597199,0.1949981624759157,3.636820286597424e-05,52.5,546.7696332380592,1.937893867492676,0.0781924620668092,0.8158116893154812,0.0028607586816207,0.8968649100639113,Spain,ESP,principality of asturias,,,Linux-6.2.0-39-generic-x86_64-with-glibc2.35,3.9.18,2.4.2,24,AMD Ryzen 9 5900X 12-Core Processor,2,2 x NVIDIA GeForce RTX 3090,-5.8144,43.3562,62.709999084472656,process,N,1.0
2024-05-22T18:09:04,Epoch 35,193e1618-225f-4dc7-9373-983fad27d27d,5514.686185598373,0.2004965296919091,3.63568339057092e-05,52.5,542.0251990406391,1.9380311965942385,0.0804223974645137,0.8387884893635658,0.0029429416341234,0.9221538284622032,Spain,ESP,principality of asturias,,,Linux-6.2.0-39-generic-x86_64-with-glibc2.35,3.9.18,2.4.2,24,AMD Ryzen 9 5900X 12-Core Processor,2,2 x NVIDIA GeForce RTX 3090,-5.8144,43.3562,62.709999084472656,process,N,1.0
2024-05-22T18:11:37,Epoch 36,193e1618-225f-4dc7-9373-983fad27d27d,5667.605415344238,0.2059989529762554,3.6346735151770175e-05,52.5,544.0099619211886,1.9380311965942385,0.0826524666895468,0.8617837910931456,0.0030251443581,0.9474614021407928,Spain,ESP,principality of asturias,,,Linux-6.2.0-39-generic-x86_64-with-glibc2.35,3.9.18,2.4.2,24,AMD Ryzen 9 5900X 12-Core Processor,2,2 x NVIDIA GeForce RTX 3090,-5.8144,43.3562,62.709999084472656,process,N,1.0
2024-05-22T18:14:10,Epoch 37,193e1618-225f-4dc7-9373-983fad27d27d,5820.486207008362,0.2115477766377739,3.634537891062302e-05,52.5,475.5050787219398,1.9380311965942385,0.0848819749419887,0.8849930946605582,0.0031073178181091,0.972982387420656,Spain,ESP,principality of asturias,,,Linux-6.2.0-39-generic-x86_64-with-glibc2.35,3.9.18,2.4.2,24,AMD Ryzen 9 5900X 12-Core Processor,2,2 x NVIDIA GeForce RTX 3090,-5.8144,43.3562,62.709999084472656,process,N,1.0
2024-05-22T18:16:43,Epoch 38,193e1618-225f-4dc7-9373-983fad27d27d,5973.392662763596,0.2170367388051923,3.633391458728917e-05,52.5,556.7632385730418,1.9381685256958008,0.0871118578900892,0.9079266735629687,0.0031895172503495,0.9982280487034076,Spain,ESP,principality of asturias,,,Linux-6.2.0-39-generic-x86_64-with-glibc2.35,3.9.18,2.4.2,24,AMD Ryzen 9 5900X 12-Core Processor,2,2 x NVIDIA GeForce RTX 3090,-5.8144,43.3562,62.709999084472656,process,N,1.0
2024-05-22T18:19:16,Epoch 39,193e1618-225f-4dc7-9373-983fad27d27d,6126.323170185089,0.2225077278759916,3.631994618874623e-05,52.5,535.4527848347601,1.9381670951843264,0.0893420912404854,0.9307772454545216,0.0032717087189418,1.0233910454139492,Spain,ESP,principality of asturias,,,Linux-6.2.0-39-generic-x86_64-with-glibc2.35,3.9.18,2.4.2,24,AMD Ryzen 9 5900X 12-Core Processor,2,2 x NVIDIA GeForce RTX 3090,-5.8144,43.3562,62.709999084472656,process,N,1.0
2024-05-22T18:21:49,Epoch 40,193e1618-225f-4dc7-9373-983fad27d27d,6279.291111707687,0.2279912700673482,3.630844087515871e-05,52.5,543.423490437386,1.938304424285889,0.0915728710159658,0.9536849612807003,0.0033539460300357,1.048611778326702,Spain,ESP,principality of asturias,,,Linux-6.2.0-39-generic-x86_64-with-glibc2.35,3.9.18,2.4.2,24,AMD Ryzen 9 5900X 12-Core Processor,2,2 x NVIDIA GeForce RTX 3090,-5.8144,43.3562,62.709999084472656,process,N,1.0
2024-05-22T18:24:21,Epoch 41,193e1618-225f-4dc7-9373-983fad27d27d,6432.242223024368,0.2334391721547283,3.629203690730537e-05,52.5,538.1532216162261,1.938304424285889,0.0938034051562348,0.9764290189203706,0.0034361658302499,1.0736685899068554,Spain,ESP,principality of asturias,,,Linux-6.2.0-39-generic-x86_64-with-glibc2.35,3.9.18,2.4.2,24,AMD Ryzen 9 5900X 12-Core Processor,2,2 x NVIDIA GeForce RTX 3090,-5.8144,43.3562,62.709999084472656,process,N,1.0
2024-05-22T18:26:54,Epoch 42,193e1618-225f-4dc7-9373-983fad27d27d,6585.131999731064,0.2389471816029435,3.628586057389618e-05,52.5,546.4377958523493,1.93837308883667,0.0960330450072883,0.9994504459485968,0.0035183653555438,1.0990018563114292,Spain,ESP,principality of asturias,,,Linux-6.2.0-39-generic-x86_64-with-glibc2.35,3.9.18,2.4.2,24,AMD Ryzen 9 5900X 12-Core Processor,2,2 x NVIDIA GeForce RTX 3090,-5.8144,43.3562,62.709999084472656,process,N,1.0
2024-05-22T18:29:27,Epoch 43,193e1618-225f-4dc7-9373-983fad27d27d,6738.09418129921,0.2444132873632209,3.6273355757116206e-05,52.5,536.7377495965543,1.93837308883667,0.0982637402549385,1.022278071155128,0.0036005815548626,1.1241423929649297,Spain,ESP,principality of asturias,,,Linux-6.2.0-39-generic-x86_64-with-glibc2.35,3.9.18,2.4.2,24,AMD Ryzen 9 5900X 12-Core Processor,2,2 x NVIDIA GeForce RTX 3090,-5.8144,43.3562,62.709999084472656,process,N,1.0
2024-05-22T18:32:00,Epoch 44,193e1618-225f-4dc7-9373-983fad27d27d,6891.010408878326,0.2498745920988733,3.626095119185088e-05,52.5,535.1746248481211,1.93837308883667,0.1004937656670808,1.045084298288984,0.0036827840670119,1.1492608480230766,Spain,ESP,principality of asturias,,,Linux-6.2.0-39-generic-x86_64-with-glibc2.35,3.9.18,2.4.2,24,AMD Ryzen 9 5900X 12-Core Processor,2,2 x NVIDIA GeForce RTX 3090,-5.8144,43.3562,62.709999084472656,process,N,1.0
2024-05-22T18:34:33,Epoch 45,193e1618-225f-4dc7-9373-983fad27d27d,7043.940075159073,0.2553785969783189,3.625507801790203e-05,52.5,538.1488257565821,1.9385089874267576,0.1027239872480431,1.0680867061353183,0.0037650026286279,1.17457569601199,Spain,ESP,principality of asturias,,,Linux-6.2.0-39-generic-x86_64-with-glibc2.35,3.9.18,2.4.2,24,AMD Ryzen 9 5900X 12-Core Processor,2,2 x NVIDIA GeForce RTX 3090,-5.8144,43.3562,62.709999084472656,process,N,1.0
2024-05-22T18:37:06,Epoch 46,193e1618-225f-4dc7-9373-983fad27d27d,7196.910301446915,0.2608500924116212,3.624473301538553e-05,52.5,546.2394407841664,1.938577651977539,0.1049547999153534,1.0909389841393704,0.0038472376064753,1.199741021661199,Spain,ESP,principality of asturias,,,Linux-6.2.0-39-generic-x86_64-with-glibc2.35,3.9.18,2.4.2,24,AMD Ryzen 9 5900X 12-Core Processor,2,2 x NVIDIA GeForce RTX 3090,-5.8144,43.3562,62.709999084472656,process,N,1.0
2024-05-22T18:39:39,Epoch 47,193e1618-225f-4dc7-9373-983fad27d27d,7349.958513498306,0.266322752978272,3.623459268364119e-05,52.5,516.7293951043939,1.938577651977539,0.1071867495621243,1.1137954413133997,0.0039295152916161,1.2249117061671404,Spain,ESP,principality of asturias,,,Linux-6.2.0-39-generic-x86_64-with-glibc2.35,3.9.18,2.4.2,24,AMD Ryzen 9 5900X 12-Core Processor,2,2 x NVIDIA GeForce RTX 3090,-5.8144,43.3562,62.709999084472656,process,N,1.0
2024-05-22T18:42:12,Epoch 48,193e1618-225f-4dc7-9373-983fad27d27d,7503.010693788528,0.2718261440002695,3.622894263302924e-05,52.5,538.2994362371652,1.9385762214660645,0.1094187570964296,1.1367931899893762,0.0040117837246427,1.2502237308104496,Spain,ESP,principality of asturias,,,Linux-6.2.0-39-generic-x86_64-with-glibc2.35,3.9.18,2.4.2,24,AMD Ryzen 9 5900X 12-Core Processor,2,2 x NVIDIA GeForce RTX 3090,-5.8144,43.3562,62.709999084472656,process,N,1.0
2024-05-22T18:44:45,Epoch 49,193e1618-225f-4dc7-9373-983fad27d27d,7655.961149215698,0.2773009020905482,3.622025983229498e-05,52.5,539.9275523306526,1.9385762214660645,0.1116492817203203,1.1596607688389753,0.0040940120035912,1.275404062562888,Spain,ESP,principality of asturias,,,Linux-6.2.0-39-generic-x86_64-with-glibc2.35,3.9.18,2.4.2,24,AMD Ryzen 9 5900X 12-Core Processor,2,2 x NVIDIA GeForce RTX 3090,-5.8144,43.3562,62.709999084472656,process,N,1.0
2024-05-22T18:47:19,Epoch 50,193e1618-225f-4dc7-9373-983fad27d27d,7810.201394557953,0.2828226017802702,3.621194736122136e-05,52.5,532.0587298636103,1.9385762214660645,0.1138986155475179,1.1827247420123683,0.0041769376276755,1.3008002951875623,Spain,ESP,principality of asturias,,,Linux-6.2.0-39-generic-x86_64-with-glibc2.35,3.9.18,2.4.2,24,AMD Ryzen 9 5900X 12-Core Processor,2,2 x NVIDIA GeForce RTX 3090,-5.8144,43.3562,62.709999084472656,process,N,1.0
2024-05-22T18:49:54,Epoch 51,193e1618-225f-4dc7-9373-983fad27d27d,7964.292394161224,0.2882629455627202,3.6194420206627685e-05,52.5,537.3227978224207,1.9385762214660645,0.1161457731177409,1.2054167759993106,0.0042597943565623,1.3258223434736145,Spain,ESP,principality of asturias,,,Linux-6.2.0-39-generic-x86_64-with-glibc2.35,3.9.18,2.4.2,24,AMD Ryzen 9 5900X 12-Core Processor,2,2 x NVIDIA GeForce RTX 3090,-5.8144,43.3562,62.709999084472656,process,N,1.0
2024-05-22T18:52:27,Epoch 52,193e1618-225f-4dc7-9373-983fad27d27d,8117.344608306885,0.2936810895564773,3.617945322364888e-05,52.5,517.6580218693549,1.938507556915284,0.1183777815908193,1.2280224379727258,0.0043420675853047,1.3507422871488506,Spain,ESP,principality of asturias,,,Linux-6.2.0-39-generic-x86_64-with-glibc2.35,3.9.18,2.4.2,24,AMD Ryzen 9 5900X 12-Core Processor,2,2 x NVIDIA GeForce RTX 3090,-5.8144,43.3562,62.709999084472656,process,N,1.0
2024-05-22T18:55:00,Epoch 53,193e1618-225f-4dc7-9373-983fad27d27d,8270.468306064606,0.2991128228998828,3.616637073387344e-05,52.5,535.7934066401058,1.938437461853028,0.120610832157731,1.250689543328619,0.0044243575208097,1.37572473300716,Spain,ESP,principality of asturias,,,Linux-6.2.0-39-generic-x86_64-with-glibc2.35,3.9.18,2.4.2,24,AMD Ryzen 9 5900X 12-Core Processor,2,2 x NVIDIA GeForce RTX 3090,-5.8144,43.3562,62.709999084472656,process,N,1.0
2024-05-22T18:57:34,Epoch 54,193e1618-225f-4dc7-9373-983fad27d27d,8424.60583281517,0.3045579392903519,3.615100164141219e-05,52.5,532.5200917641534,1.938437461853028,0.1228586681028206,1.273402846777017,0.0045072173107955,1.4007687321906337,Spain,ESP,principality of asturias,,,Linux-6.2.0-39-generic-x86_64-with-glibc2.35,3.9.18,2.4.2,24,AMD Ryzen 9 5900X 12-Core Processor,2,2 x NVIDIA GeForce RTX 3090,-5.8144,43.3562,62.709999084472656,process,N,1.0
2024-05-22T19:00:07,Epoch 55,193e1618-225f-4dc7-9373-983fad27d27d,8577.670326709747,0.30997734083103,3.613770744555209e-05,52.5,518.3474612319518,1.938437461853028,0.1250908554330467,1.2960141059771075,0.0045894983548651,1.4256944597650192,Spain,ESP,principality of asturias,,,Linux-6.2.0-39-generic-x86_64-with-glibc2.35,3.9.18,2.4.2,24,AMD Ryzen 9 5900X 12-Core Processor,2,2 x NVIDIA GeForce RTX 3090,-5.8144,43.3562,62.709999084472656,process,N,1.0
2024-05-22T19:02:44,Epoch 56,193e1618-225f-4dc7-9373-983fad27d27d,8734.633979797363,0.3154890901557489,3.6119325765161365e-05,52.5,521.1761082134633,1.938368797302246,0.1273799055293202,1.3189911413031723,0.0046738803402359,1.451044927172728,Spain,ESP,principality of asturias,,,Linux-6.2.0-39-generic-x86_64-with-glibc2.35,3.9.18,2.4.2,24,AMD Ryzen 9 5900X 12-Core Processor,2,2 x NVIDIA GeForce RTX 3090,-5.8144,43.3562,62.709999084472656,process,N,1.0
2024-05-22T19:05:18,Epoch 57,193e1618-225f-4dc7-9373-983fad27d27d,8888.885793685913,0.3209083644895428,3.610220357623396e-05,52.5,528.2899844457711,1.938300132751465,0.1296294083530704,1.341583857710674,0.0047568036143145,1.4759700696780589,Spain,ESP,principality of asturias,,,Linux-6.2.0-39-generic-x86_64-with-glibc2.35,3.9.18,2.4.2,24,AMD Ryzen 9 5900X 12-Core Processor,2,2 x NVIDIA GeForce RTX 3090,-5.8144,43.3562,62.709999084472656,process,N,1.0
2024-05-22T19:07:52,Epoch 58,193e1618-225f-4dc7-9373-983fad27d27d,9043.055119037628,0.3263885174204711,3.609272675263819e-05,52.5,535.1461278411265,1.938300132751465,0.1318777082085609,1.3644578176764668,0.0048396883088954,1.501175214193923,Spain,ESP,principality of asturias,,,Linux-6.2.0-39-generic-x86_64-with-glibc2.35,3.9.18,2.4.2,24,AMD Ryzen 9 5900X 12-Core Processor,2,2 x NVIDIA GeForce RTX 3090,-5.8144,43.3562,62.709999084472656,process,N,1.0
2024-05-22T19:10:27,Epoch 59,193e1618-225f-4dc7-9373-983fad27d27d,9197.271457195282,0.3318442590916672,3.608072901143482e-05,52.5,533.7152317134659,1.938300132751465,0.1341266931702693,1.387218810051948,0.0049225795461644,1.5262680827683823,Spain,ESP,principality of asturias,,,Linux-6.2.0-39-generic-x86_64-with-glibc2.35,3.9.18,2.4.2,24,AMD Ryzen 9 5900X 12-Core Processor,2,2 x NVIDIA GeForce RTX 3090,-5.8144,43.3562,62.709999084472656,process,N,1.0
2024-05-22T19:13:01,Epoch 60,193e1618-225f-4dc7-9373-983fad27d27d,9351.449220180511,0.3372531776883625,3.606426872966033e-05,52.5,526.5913502178585,1.938368797302246,0.1363751158068578,1.4097650230888945,0.0050054567126146,1.5511455956083675,Spain,ESP,principality of asturias,,,Linux-6.2.0-39-generic-x86_64-with-glibc2.35,3.9.18,2.4.2,24,AMD Ryzen 9 5900X 12-Core Processor,2,2 x NVIDIA GeForce RTX 3090,-5.8144,43.3562,62.709999084472656,process,N,1.0
2024-05-22T19:15:35,Epoch 61,193e1618-225f-4dc7-9373-983fad27d27d,9505.711968898771,0.3427036920435339,3.605239598725563e-05,52.5,528.9063578265323,1.938437461853028,0.1386247777839502,1.4325012526667535,0.0050883914731764,1.5762144219238805,Spain,ESP,principality of asturias,,,Linux-6.2.0-39-generic-x86_64-with-glibc2.35,3.9.18,2.4.2,24,AMD Ryzen 9 5900X 12-Core Processor,2,2 x NVIDIA GeForce RTX 3090,-5.8144,43.3562,62.709999084472656,process,N,1.0
2024-05-22T19:18:09,Epoch 62,193e1618-225f-4dc7-9373-983fad27d27d,9659.882467508316,0.3481464851836437,3.6040447319587845e-05,52.5,531.1280423146022,1.9385747909545896,0.1408730947772662,1.455203357495094,0.0051712833921252,1.6012477356644852,Spain,ESP,principality of asturias,,,Linux-6.2.0-39-generic-x86_64-with-glibc2.35,3.9.18,2.4.2,24,AMD Ryzen 9 5900X 12-Core Processor,2,2 x NVIDIA GeForce RTX 3090,-5.8144,43.3562,62.709999084472656,process,N,1.0
2024-05-22T19:20:43,Epoch 63,193e1618-225f-4dc7-9373-983fad27d27d,9814.042688369753,0.3536000884071342,3.603001328149634e-05,52.5,514.0614799426717,1.938643455505371,0.1431212616259853,1.4779553506966607,0.0052541564456214,1.626330768768267,Spain,ESP,principality of asturias,,,Linux-6.2.0-39-generic-x86_64-with-glibc2.35,3.9.18,2.4.2,24,AMD Ryzen 9 5900X 12-Core Processor,2,2 x NVIDIA GeForce RTX 3090,-5.8144,43.3562,62.709999084472656,process,N,1.0
2024-05-22T19:23:19,Epoch 64,193e1618-225f-4dc7-9373-983fad27d27d,9969.81565117836,0.3590669394885934,3.601540410089271e-05,52.5,531.7530629518549,1.9387807846069336,0.1453929479027788,1.5007438633718948,0.0053379221404982,1.6514747334151714,Spain,ESP,principality of asturias,,,Linux-6.2.0-39-generic-x86_64-with-glibc2.35,3.9.18,2.4.2,24,AMD Ryzen 9 5900X 12-Core Processor,2,2 x NVIDIA GeForce RTX 3090,-5.8144,43.3562,62.709999084472656,process,N,1.0
2024-05-22T19:25:56,Epoch 65,193e1618-225f-4dc7-9373-983fad27d27d,10126.634747982023,0.3645745048343018,3.600154581530178e-05,52.5,534.4627037659722,1.9387807846069336,0.1476798898239931,1.5237038442398756,0.0054222231727588,1.6768059572366267,Spain,ESP,principality of asturias,,,Linux-6.2.0-39-generic-x86_64-with-glibc2.35,3.9.18,2.4.2,24,AMD Ryzen 9 5900X 12-Core Processor,2,2 x NVIDIA GeForce RTX 3090,-5.8144,43.3562,62.709999084472656,process,N,1.0
2024-05-22T19:28:33,Epoch 66,193e1618-225f-4dc7-9373-983fad27d27d,10283.70694422722,0.3700762904429724,3.598666244089303e-05,52.5,528.483663806814,1.9387807846069336,0.1499705231020849,1.5466333936945915,0.0055066812245572,1.7021105980212328,Spain,ESP,principality of asturias,,,Linux-6.2.0-39-generic-x86_64-with-glibc2.35,3.9.18,2.4.2,24,AMD Ryzen 9 5900X 12-Core Processor,2,2 x NVIDIA GeForce RTX 3090,-5.8144,43.3562,62.709999084472656,process,N,1.0
2024-05-22T19:31:07,Epoch 67,193e1618-225f-4dc7-9373-983fad27d27d,10437.956132888794,0.3754971504629506,3.5974202773261566e-05,52.5,525.7497846548656,1.9387807846069336,0.1522199875682592,1.5692334284412937,0.0055896176436684,1.727043033653221,Spain,ESP,principality of asturias,,,Linux-6.2.0-39-generic-x86_64-with-glibc2.35,3.9.18,2.4.2,24,AMD Ryzen 9 5900X 12-Core Processor,2,2 x NVIDIA GeForce RTX 3090,-5.8144,43.3562,62.709999084472656,process,N,1.0
2024-05-22T19:33:42,Epoch 68,193e1618-225f-4dc7-9373-983fad27d27d,10592.688207387924,0.3809304042781625,3.5961636632755855e-05,52.5,527.5871235889633,1.9387807846069336,0.1544764938309789,1.591883174061067,0.0056728048023574,1.7520324726944032,Spain,ESP,principality of asturias,,,Linux-6.2.0-39-generic-x86_64-with-glibc2.35,3.9.18,2.4.2,24,AMD Ryzen 9 5900X 12-Core Processor,2,2 x NVIDIA GeForce RTX 3090,-5.8144,43.3562,62.709999084472656,process,N,1.0
2024-05-22T19:36:18,Epoch 69,193e1618-225f-4dc7-9373-983fad27d27d,10748.53669834137,0.3864686827678807,3.595546943869277e-05,52.5,533.2597638778294,1.938779354095459,0.1567492814381917,1.6149990606093212,0.0057566149848055,1.7775049570323185,Spain,ESP,principality of asturias,,,Linux-6.2.0-39-generic-x86_64-with-glibc2.35,3.9.18,2.4.2,24,AMD Ryzen 9 5900X 12-Core Processor,2,2 x NVIDIA GeForce RTX 3090,-5.8144,43.3562,62.709999084472656,process,N,1.0
2024-05-22T19:38:52,Epoch 70,193e1618-225f-4dc7-9373-983fad27d27d,10902.765982866287,0.3918993442085248,3.5944946890027284e-05,52.5,533.8163113733693,1.9387106895446773,0.1589984555174906,1.6376444717811722,0.0058395455353872,1.8024824728340496,Spain,ESP,principality of asturias,,,Linux-6.2.0-39-generic-x86_64-with-glibc2.35,3.9.18,2.4.2,24,AMD Ryzen 9 5900X 12-Core Processor,2,2 x NVIDIA GeForce RTX 3090,-5.8144,43.3562,62.709999084472656,process,N,1.0
2024-05-22T19:41:28,Epoch 71,193e1618-225f-4dc7-9373-983fad27d27d,11059.150458812714,0.3974193411629371,3.593579295652364e-05,52.5,530.2007636603903,1.938779354095459,0.1612790592143932,1.660668201033488,0.0059236137342235,1.8278708739821043,Spain,ESP,principality of asturias,,,Linux-6.2.0-39-generic-x86_64-with-glibc2.35,3.9.18,2.4.2,24,AMD Ryzen 9 5900X 12-Core Processor,2,2 x NVIDIA GeForce RTX 3090,-5.8144,43.3562,62.709999084472656,process,N,1.0
2024-05-22T19:44:06,Epoch 72,193e1618-225f-4dc7-9373-983fad27d27d,11216.281789779665,0.4029194428172929,3.592272825959449e-05,52.5,528.2499289508731,1.93884801864624,0.1635705548495054,1.6835891085368786,0.0060081062840871,1.8531677696704705,Spain,ESP,principality of asturias,,,Linux-6.2.0-39-generic-x86_64-with-glibc2.35,3.9.18,2.4.2,24,AMD Ryzen 9 5900X 12-Core Processor,2,2 x NVIDIA GeForce RTX 3090,-5.8144,43.3562,62.709999084472656,process,N,1.0
2024-05-22T19:46:42,Epoch 73,193e1618-225f-4dc7-9373-983fad27d27d,11372.95441389084,0.4084243028180859,3.5911891312888725e-05,52.5,527.2175118034622,1.9389166831970213,0.1658553606967131,1.7065388438410736,0.0060923461244551,1.8784865506622417,Spain,ESP,principality of asturias,,,Linux-6.2.0-39-generic-x86_64-with-glibc2.35,3.9.18,2.4.2,24,AMD Ryzen 9 5900X 12-Core Processor,2,2 x NVIDIA GeForce RTX 3090,-5.8144,43.3562,62.709999084472656,process,N,1.0
2024-05-22T19:49:19,Epoch 74,193e1618-225f-4dc7-9373-983fad27d27d,11529.95042181015,0.413921225124762,3.5899653509505574e-05,52.5,526.8940216844231,1.9389166831970213,0.1681448830480376,1.7294471602232877,0.0061767801447141,1.903768823416039,Spain,ESP,principality of asturias,,,Linux-6.2.0-39-generic-x86_64-with-glibc2.35,3.9.18,2.4.2,24,AMD Ryzen 9 5900X 12-Core Processor,2,2 x NVIDIA GeForce RTX 3090,-5.8144,43.3562,62.709999084472656,process,N,1.0
2024-05-22T19:51:52,Epoch 75,193e1618-225f-4dc7-9373-983fad27d27d,11683.06210422516,0.4194024670859365,3.589833413059238e-05,52.5,549.5902000133423,1.9388465881347656,0.1703777587284644,1.7523421052058836,0.006259112829441,1.9289789767637888,Spain,ESP,principality of asturias,,,Linux-6.2.0-39-generic-x86_64-with-glibc2.35,3.9.18,2.4.2,24,AMD Ryzen 9 5900X 12-Core Processor,2,2 x NVIDIA GeForce RTX 3090,-5.8144,43.3562,62.709999084472656,process,N,1.0
2024-05-22T19:54:28,Epoch 76,193e1618-225f-4dc7-9373-983fad27d27d,11838.672209262848,0.4250007748410367,3.589936162845242e-05,52.5,517.22378142121,1.9387779235839848,0.1726470693806806,1.7757377228112574,0.0063427645458198,1.954727556737757,Spain,ESP,principality of asturias,,,Linux-6.2.0-39-generic-x86_64-with-glibc2.35,3.9.18,2.4.2,24,AMD Ryzen 9 5900X 12-Core Processor,2,2 x NVIDIA GeForce RTX 3090,-5.8144,43.3562,62.709999084472656,process,N,1.0
2024-05-22T19:57:05,Epoch 77,193e1618-225f-4dc7-9373-983fad27d27d,11996.096752882004,0.4305737849287511,3.589282362409322e-05,52.5,529.7090805875027,1.9387779235839848,0.1749428408458828,1.7989895239126668,0.0064274191122238,1.9803597838707725,Spain,ESP,principality of asturias,,,Linux-6.2.0-39-generic-x86_64-with-glibc2.35,3.9.18,2.4.2,24,AMD Ryzen 9 5900X 12-Core Processor,2,2 x NVIDIA GeForce RTX 3090,-5.8144,43.3562,62.709999084472656,process,N,1.0
2024-05-22T19:59:40,Epoch 78,193e1618-225f-4dc7-9373-983fad27d27d,12150.983402252195,0.4360813832900336,3.588856711047811e-05,52.5,421.307095527725,1.9387078285217283,0.1772016011342405,1.8219788784152515,0.0065106799929376,2.0056911595424274,Spain,ESP,principality of asturias,,,Linux-6.2.0-39-generic-x86_64-with-glibc2.35,3.9.18,2.4.2,24,AMD Ryzen 9 5900X 12-Core Processor,2,2 x NVIDIA GeForce RTX 3090,-5.8144,43.3562,62.709999084472656,process,N,1.0
2024-05-22T20:02:13,Epoch 79,193e1618-225f-4dc7-9373-983fad27d27d,12304.0901491642,0.4415881369915149,3.588954011536655e-05,52.5,555.3580152245723,1.938776493072509,0.1794344050993521,1.8449912373806825,0.0065930078475097,2.0310186503275425,Spain,ESP,principality of asturias,,,Linux-6.2.0-39-generic-x86_64-with-glibc2.35,3.9.18,2.4.2,24,AMD Ryzen 9 5900X 12-Core Processor,2,2 x NVIDIA GeForce RTX 3090,-5.8144,43.3562,62.709999084472656,process,N,1.0
2024-05-22T20:04:46,Epoch 80,193e1618-225f-4dc7-9373-983fad27d27d,12457.18635559082,0.4471496279538344,3.589491360166997e-05,52.5,544.3543332422396,1.938845157623291,0.1816670550708968,1.8682555079365528,0.0066753339571376,2.056597896964587,Spain,ESP,principality of asturias,,,Linux-6.2.0-39-generic-x86_64-with-glibc2.35,3.9.18,2.4.2,24,AMD Ryzen 9 5900X 12-Core Processor,2,2 x NVIDIA GeForce RTX 3090,-5.8144,43.3562,62.709999084472656,process,N,1.0
2024-05-22T20:07:20,Epoch 81,193e1618-225f-4dc7-9373-983fad27d27d,12610.321737766266,0.4526568706936099,3.589574319408217e-05,52.5,543.7472437079233,1.938845157623291,0.1839002760216592,1.8912696935700808,0.0067576674165188,2.08192763700826,Spain,ESP,principality of asturias,,,Linux-6.2.0-39-generic-x86_64-with-glibc2.35,3.9.18,2.4.2,24,AMD Ryzen 9 5900X 12-Core Processor,2,2 x NVIDIA GeForce RTX 3090,-5.8144,43.3562,62.709999084472656,process,N,1.0
2024-05-22T20:09:53,Epoch 82,193e1618-225f-4dc7-9373-983fad27d27d,12763.446159124374,0.4581574833284351,3.589606424601133e-05,52.5,536.3265579005333,1.938845157623291,0.1861333373531698,1.914253550568276,0.0068399949534927,2.10722688287494,Spain,ESP,principality of asturias,,,Linux-6.2.0-39-generic-x86_64-with-glibc2.35,3.9.18,2.4.2,24,AMD Ryzen 9 5900X 12-Core Processor,2,2 x NVIDIA GeForce RTX 3090,-5.8144,43.3562,62.709999084472656,process,N,1.0
2024-05-22T20:12:26,Epoch 83,193e1618-225f-4dc7-9373-983fad27d27d,12916.553656816484,0.4636865591093758,3.589862833610214e-05,52.5,588.1937149299237,1.938845157623291,0.188366151644786,1.9373685762824948,0.0069223128016944,2.132657040728978,Spain,ESP,principality of asturias,,,Linux-6.2.0-39-generic-x86_64-with-glibc2.35,3.9.18,2.4.2,24,AMD Ryzen 9 5900X 12-Core Processor,2,2 x NVIDIA GeForce RTX 3090,-5.8144,43.3562,62.709999084472656,process,N,1.0
2024-05-22T20:14:59,Epoch 84,193e1618-225f-4dc7-9373-983fad27d27d,13069.71338224411,0.4691583191029319,3.589660349708265e-05,52.5,546.3691612436825,1.9387750625610352,0.190599727959434,1.9602191895629768,0.0070046656611273,2.157823583183541,Spain,ESP,principality of asturias,,,Linux-6.2.0-39-generic-x86_64-with-glibc2.35,3.9.18,2.4.2,24,AMD Ryzen 9 5900X 12-Core Processor,2,2 x NVIDIA GeForce RTX 3090,-5.8144,43.3562,62.709999084472656,process,N,1.0
2024-05-22T20:17:32,Epoch 85,193e1618-225f-4dc7-9373-983fad27d27d,13222.9050552845,0.4746437243215374,3.589557077942167e-05,52.5,503.95209323191926,1.9388437271118164,0.1928337698881823,1.9831320926155056,0.0070870223080466,2.1830528848117368,Spain,ESP,principality of asturias,,,Linux-6.2.0-39-generic-x86_64-with-glibc2.35,3.9.18,2.4.2,24,AMD Ryzen 9 5900X 12-Core Processor,2,2 x NVIDIA GeForce RTX 3090,-5.8144,43.3562,62.709999084472656,process,N,1.0
2024-05-22T20:20:06,Epoch 86,193e1618-225f-4dc7-9373-983fad27d27d,13377.076359033585,0.4802071136492252,3.589776276674535e-05,52.5,531.2156429262874,1.9389123916625977,0.1950820982058842,2.006388848998668,0.0071699154920689,2.208640862696623,Spain,ESP,principality of asturias,,,Linux-6.2.0-39-generic-x86_64-with-glibc2.35,3.9.18,2.4.2,24,AMD Ryzen 9 5900X 12-Core Processor,2,2 x NVIDIA GeForce RTX 3090,-5.8144,43.3562,62.709999084472656,process,N,1.0
2024-05-22T20:22:39,Epoch 87,193e1618-225f-4dc7-9373-983fad27d27d,13530.181554317474,0.4857112763887024,3.589835616313014e-05,52.5,547.58920980223,1.93904972076416,0.1973148792266845,2.029389309899017,0.0072522476134616,2.233956436739164,Spain,ESP,principality of asturias,,,Linux-6.2.0-39-generic-x86_64-with-glibc2.35,3.9.18,2.4.2,24,AMD Ryzen 9 5900X 12-Core Processor,2,2 x NVIDIA GeForce RTX 3090,-5.8144,43.3562,62.709999084472656,process,N,1.0
2024-05-22T20:25:13,Epoch 88,193e1618-225f-4dc7-9373-983fad27d27d,13683.282618284224,0.4912411669636777,3.590082735755666e-05,52.5,491.7521195533175,1.938981056213379,0.1995475997313857,2.052508179227445,0.0073345631577798,2.259390342116611,Spain,ESP,principality of asturias,,,Linux-6.2.0-39-generic-x86_64-with-glibc2.35,3.9.18,2.4.2,24,AMD Ryzen 9 5900X 12-Core Processor,2,2 x NVIDIA GeForce RTX 3090,-5.8144,43.3562,62.709999084472656,process,N,1.0
2024-05-22T20:27:46,Epoch 89,193e1618-225f-4dc7-9373-983fad27d27d,13836.428331136703,0.4967974402183526,3.5905034762503574e-05,52.5,547.4050191177989,1.9389109611511235,0.2017809719880421,2.07574769754126,0.0074169211577138,2.284945590687017,Spain,ESP,principality of asturias,,,Linux-6.2.0-39-generic-x86_64-with-glibc2.35,3.9.18,2.4.2,24,AMD Ryzen 9 5900X 12-Core Processor,2,2 x NVIDIA GeForce RTX 3090,-5.8144,43.3562,62.709999084472656,process,N,1.0
2024-05-22T20:30:24,Epoch 90,193e1618-225f-4dc7-9373-983fad27d27d,13994.2874481678,0.5024410558503981,3.590329680673953e-05,52.5,525.843019470599,1.9389095306396484,0.2040830809960762,2.099317666952785,0.007501809521853,2.3109025574707163,Spain,ESP,principality of asturias,,,Linux-6.2.0-39-generic-x86_64-with-glibc2.35,3.9.18,2.4.2,24,AMD Ryzen 9 5900X 12-Core Processor,2,2 x NVIDIA GeForce RTX 3090,-5.8144,43.3562,62.709999084472656,process,N,1.0
2024-05-22T20:33:01,Epoch 91,193e1618-225f-4dc7-9373-983fad27d27d,14152.077008008957,0.5080274753942055,3.589773254531487e-05,52.5,516.9459754371479,1.9389095306396484,0.2063841752390066,2.12262564393248,0.0075866402217908,2.336596459393278,Spain,ESP,principality of asturias,,,Linux-6.2.0-39-generic-x86_64-with-glibc2.35,3.9.18,2.4.2,24,AMD Ryzen 9 5900X 12-Core Processor,2,2 x NVIDIA GeForce RTX 3090,-5.8144,43.3562,62.709999084472656,process,N,1.0
2024-05-22T20:35:39,Epoch 92,193e1618-225f-4dc7-9373-983fad27d27d,14309.385264635086,0.5135854696944335,3.589151177330684e-05,52.5,523.8469287193483,1.9389095306396484,0.2086782505879799,2.1458101541467585,0.0076712189207949,2.362159623655534,Spain,ESP,principality of asturias,,,Linux-6.2.0-39-generic-x86_64-with-glibc2.35,3.9.18,2.4.2,24,AMD Ryzen 9 5900X 12-Core Processor,2,2 x NVIDIA GeForce RTX 3090,-5.8144,43.3562,62.709999084472656,process,N,1.0
2024-05-22T20:38:14,Epoch 93,193e1618-225f-4dc7-9373-983fad27d27d,14464.492260694504,0.5190947169354323,3.588751734798248e-05,52.5,551.4641657075136,1.9389095306396484,0.210940224404633,2.1688037425415985,0.0077546161568221,2.387498583103054,Spain,ESP,principality of asturias,,,Linux-6.2.0-39-generic-x86_64-with-glibc2.35,3.9.18,2.4.2,24,AMD Ryzen 9 5900X 12-Core Processor,2,2 x NVIDIA GeForce RTX 3090,-5.8144,43.3562,62.709999084472656,process,N,1.0
2024-05-22T20:40:52,Epoch 94,193e1618-225f-4dc7-9373-983fad27d27d,14622.45318198204,0.5247130288168886,3.588406283724308e-05,52.5,528.4251977836947,1.9388394355773928,0.2132438176477948,2.192255798247686,0.0078395531715336,2.413339169067016,Spain,ESP,principality of asturias,,,Linux-6.2.0-39-generic-x86_64-with-glibc2.35,3.9.18,2.4.2,24,AMD Ryzen 9 5900X 12-Core Processor,2,2 x NVIDIA GeForce RTX 3090,-5.8144,43.3562,62.709999084472656,process,N,1.0
2024-05-22T20:43:28,Epoch 95,193e1618-225f-4dc7-9373-983fad27d27d,14779.082250595093,0.5302392268989679,3.587768292429777e-05,52.5,544.1232815720734,1.938770771026612,0.2155279884845018,2.2153043433531394,0.0079237595375076,2.43875609137515,Spain,ESP,principality of asturias,,,Linux-6.2.0-39-generic-x86_64-with-glibc2.35,3.9.18,2.4.2,24,AMD Ryzen 9 5900X 12-Core Processor,2,2 x NVIDIA GeForce RTX 3090,-5.8144,43.3562,62.709999084472656,process,N,1.0
2024-05-22T20:46:01,Epoch 96,193e1618-225f-4dc7-9373-983fad27d27d,14932.09506392479,0.5357226322936132,3.587725834855504e-05,52.5,547.2472723434806,1.9389081001281736,0.2177594223762552,2.238210736400489,0.0080060363351262,2.463976195111871,Spain,ESP,principality of asturias,,,Linux-6.2.0-39-generic-x86_64-with-glibc2.35,3.9.18,2.4.2,24,AMD Ryzen 9 5900X 12-Core Processor,2,2 x NVIDIA GeForce RTX 3090,-5.8144,43.3562,62.709999084472656,process,N,1.0
2024-05-22T20:48:34,Epoch 97,193e1618-225f-4dc7-9373-983fad27d27d,15085.208456039429,0.5412656593644567,3.588055550851594e-05,52.5,534.6220293250182,1.938976764678955,0.2199923230454325,2.261389817721508,0.0080883790721586,2.4894705198391,Spain,ESP,principality of asturias,,,Linux-6.2.0-39-generic-x86_64-with-glibc2.35,3.9.18,2.4.2,24,AMD Ryzen 9 5900X 12-Core Processor,2,2 x NVIDIA GeForce RTX 3090,-5.8144,43.3562,62.709999084472656,process,N,1.0
2024-05-22T20:51:08,Epoch 98,193e1618-225f-4dc7-9373-983fad27d27d,15238.30956029892,0.5467403428194494,3.587933035852596e-05,52.5,540.9803312917152,1.938976764678955,0.2222250444993376,2.284254753791217,0.0081707100271371,2.514650508317693,Spain,ESP,principality of asturias,,,Linux-6.2.0-39-generic-x86_64-with-glibc2.35,3.9.18,2.4.2,24,AMD Ryzen 9 5900X 12-Core Processor,2,2 x NVIDIA GeForce RTX 3090,-5.8144,43.3562,62.709999084472656,process,N,1.0
2024-05-22T20:53:40,Epoch 99,193e1618-225f-4dc7-9373-983fad27d27d,15391.090533971786,0.5532329001906707,3.594500980743077e-05,52.5,671.2517199278965,1.9389081001281736,0.2244530974308649,2.3118060933322795,0.0082528650116646,2.5445120557748098,Spain,ESP,principality of asturias,,,Linux-6.2.0-39-generic-x86_64-with-glibc2.35,3.9.18,2.4.2,24,AMD Ryzen 9 5900X 12-Core Processor,2,2 x NVIDIA GeForce RTX 3090,-5.8144,43.3562,62.709999084472656,process,N,1.0
2024-05-22T20:56:13,Epoch 100,193e1618-225f-4dc7-9373-983fad27d27d,15543.909700870514,0.5598194597588385,3.601535717410187e-05,52.5,659.9752442398217,1.9390454292297363,0.2266817072565356,2.339789202663198,0.0083350423704597,2.574805952290194,Spain,ESP,principality of asturias,,,Linux-6.2.0-39-generic-x86_64-with-glibc2.35,3.9.18,2.4.2,24,AMD Ryzen 9 5900X 12-Core Processor,2,2 x NVIDIA GeForce RTX 3090,-5.8144,43.3562,62.709999084472656,process,N,1.0
2024-05-22T20:58:46,Epoch 101,193e1618-225f-4dc7-9373-983fad27d27d,15696.67936015129,0.566409786032537,3.608468855332965e-05,52.5,660.8108920088514,1.9389753341674805,0.2289095951865116,2.3677903825641096,0.0084171954541917,2.605117173204813,Spain,ESP,principality of asturias,,,Linux-6.2.0-39-generic-x86_64-with-glibc2.35,3.9.18,2.4.2,24,AMD Ryzen 9 5900X 12-Core Processor,2,2 x NVIDIA GeForce RTX 3090,-5.8144,43.3562,62.709999084472656,process,N,1.0
2024-05-22T21:01:19,Epoch 102,193e1618-225f-4dc7-9373-983fad27d27d,15849.447741508484,0.5730117784422669,3.615342236446468e-05,52.5,655.7925560526774,1.939043998718262,0.231137464869519,2.3958452369524394,0.0084993489468999,2.635482050768859,Spain,ESP,principality of asturias,,,Linux-6.2.0-39-generic-x86_64-with-glibc2.35,3.9.18,2.4.2,24,AMD Ryzen 9 5900X 12-Core Processor,2,2 x NVIDIA GeForce RTX 3090,-5.8144,43.3562,62.709999084472656,process,N,1.0
2024-05-22T21:03:51,Epoch 103,193e1618-225f-4dc7-9373-983fad27d27d,16002.221848249435,0.5796108037332539,3.622064543472509e-05,52.5,661.068418576384,1.939112663269043,0.2333654179086287,2.423886344940854,0.0085815186641342,2.6658332815136183,Spain,ESP,principality of asturias,,,Linux-6.2.0-39-generic-x86_64-with-glibc2.35,3.9.18,2.4.2,24,AMD Ryzen 9 5900X 12-Core Processor,2,2 x NVIDIA GeForce RTX 3090,-5.8144,43.3562,62.709999084472656,process,N,1.0
2024-05-22T21:06:24,Epoch 104,193e1618-225f-4dc7-9373-983fad27d27d,16155.033408641815,0.5862032435558964,3.628610531020744e-05,52.5,658.8949110125914,1.939042568206787,0.2355939171781142,2.451896597904579,0.0086637082980872,2.696154223380782,Spain,ESP,principality of asturias,,,Linux-6.2.0-39-generic-x86_64-with-glibc2.35,3.9.18,2.4.2,24,AMD Ryzen 9 5900X 12-Core Processor,2,2 x NVIDIA GeForce RTX 3090,-5.8144,43.3562,62.709999084472656,process,N,1.0
2024-05-22T21:08:57,Epoch 105,193e1618-225f-4dc7-9373-983fad27d27d,16307.82666015625,0.5928072396398884,3.635108785453625e-05,52.5,661.1422545466332,1.9391112327575684,0.2378221492171287,2.47996029118886,0.0087458761391982,2.72652831654519,Spain,ESP,principality of asturias,,,Linux-6.2.0-39-generic-x86_64-with-glibc2.35,3.9.18,2.4.2,24,AMD Ryzen 9 5900X 12-Core Processor,2,2 x NVIDIA GeForce RTX 3090,-5.8144,43.3562,62.709999084472656,process,N,1.0
2024-05-22T21:11:30,Epoch 106,193e1618-225f-4dc7-9373-983fad27d27d,16460.631432294846,0.5994086379462086,3.6414680713292815e-05,52.5,662.0484436409905,1.9391112327575684,0.2400505494947234,2.508011851963431,0.0088280601612208,2.7568904616193786,Spain,ESP,principality of asturias,,,Linux-6.2.0-39-generic-x86_64-with-glibc2.35,3.9.18,2.4.2,24,AMD Ryzen 9 5900X 12-Core Processor,2,2 x NVIDIA GeForce RTX 3090,-5.8144,43.3562,62.709999084472656,process,N,1.0
2024-05-22T21:14:03,Epoch 107,193e1618-225f-4dc7-9373-983fad27d27d,16613.433586597443,0.606012263869924,3.647724359393186e-05,52.5,657.9719177579528,1.9391112327575684,0.2422789114425579,2.53607370885733,0.0089102319870154,2.7872628522869074,Spain,ESP,principality of asturias,,,Linux-6.2.0-39-generic-x86_64-with-glibc2.35,3.9.18,2.4.2,24,AMD Ryzen 9 5900X 12-Core Processor,2,2 x NVIDIA GeForce RTX 3090,-5.8144,43.3562,62.709999084472656,process,N,1.0
2024-05-22T21:16:35,Epoch 108,193e1618-225f-4dc7-9373-983fad27d27d,16766.243078947067,0.6126171822125124,3.65387272108538e-05,52.5,664.9032419747568,1.9391798973083496,0.2445073800593613,2.564141393255909,0.008992413926645,2.8176411872419185,Spain,ESP,principality of asturias,,,Linux-6.2.0-39-generic-x86_64-with-glibc2.35,3.9.18,2.4.2,24,AMD Ryzen 9 5900X 12-Core Processor,2,2 x NVIDIA GeForce RTX 3090,-5.8144,43.3562,62.709999084472656,process,N,1.0
2024-05-22T21:19:08,Epoch 109,193e1618-225f-4dc7-9373-983fad27d27d,16919.035828113556,0.6192190196719338,3.659895433538873e-05,52.5,656.4146757214444,1.9391098022460933,0.2467356049984693,2.592195153754446,0.0090745933822556,2.848005352135174,Spain,ESP,principality of asturias,,,Linux-6.2.0-39-generic-x86_64-with-glibc2.35,3.9.18,2.4.2,24,AMD Ryzen 9 5900X 12-Core Processor,2,2 x NVIDIA GeForce RTX 3090,-5.8144,43.3562,62.709999084472656,process,N,1.0
2024-05-22T21:21:41,Epoch 110,193e1618-225f-4dc7-9373-983fad27d27d,17071.827388048172,0.6258294409972164,3.665860875768658e-05,52.5,687.1107643093483,1.939178466796875,0.2489638123581806,2.6202884209512547,0.009156763927346,2.878408997236785,Spain,ESP,principality of asturias,,,Linux-6.2.0-39-generic-x86_64-with-glibc2.35,3.9.18,2.4.2,24,AMD Ryzen 9 5900X 12-Core Processor,2,2 x NVIDIA GeForce RTX 3090,-5.8144,43.3562,62.709999084472656,process,N,1.0
2024-05-22T21:24:14,Epoch 111,193e1618-225f-4dc7-9373-983fad27d27d,17224.635533332825,0.6324266358804094,3.671640161305869e-05,52.5,655.1166815757413,1.939178466796875,0.2511922618587812,2.6483205903214326,0.0092389571141947,2.9087518092944107,Spain,ESP,principality of asturias,,,Linux-6.2.0-39-generic-x86_64-with-glibc2.35,3.9.18,2.4.2,24,AMD Ryzen 9 5900X 12-Core Processor,2,2 x NVIDIA GeForce RTX 3090,-5.8144,43.3562,62.709999084472656,process,N,1.0
2024-05-22T21:26:47,Epoch 112,193e1618-225f-4dc7-9373-983fad27d27d,17377.62543487549,0.6382083310752914,3.672586530691696e-05,52.5,561.2353927344784,1.939178466796875,0.253423362013201,2.6725992366887965,0.0093212536923831,2.9353438523943822,Spain,ESP,principality of asturias,,,Linux-6.2.0-39-generic-x86_64-with-glibc2.35,3.9.18,2.4.2,24,AMD Ryzen 9 5900X 12-Core Processor,2,2 x NVIDIA GeForce RTX 3090,-5.8144,43.3562,62.709999084472656,process,N,1.0
2024-05-22T21:29:20,Epoch 113,193e1618-225f-4dc7-9373-983fad27d27d,17530.643224716187,0.6437932995778459,3.672388350646322e-05,52.5,532.3521530339339,1.939178466796875,0.2556548682461184,2.695972677887511,0.0094035343358984,2.961031080469529,Spain,ESP,principality of asturias,,,Linux-6.2.0-39-generic-x86_64-with-glibc2.35,3.9.18,2.4.2,24,AMD Ryzen 9 5900X 12-Core Processor,2,2 x NVIDIA GeForce RTX 3090,-5.8144,43.3562,62.709999084472656,process,N,1.0
2024-05-22T21:31:53,Epoch 114,193e1618-225f-4dc7-9373-983fad27d27d,17683.72759437561,0.6493712196539706,3.6721399161368336e-05,52.5,555.8901145456554,1.939247131347656,0.2578873458658657,2.719312670170609,0.0094858743240694,2.9866858903605458,Spain,ESP,principality of asturias,,,Linux-6.2.0-39-generic-x86_64-with-glibc2.35,3.9.18,2.4.2,24,AMD Ryzen 9 5900X 12-Core Processor,2,2 x NVIDIA GeForce RTX 3090,-5.8144,43.3562,62.709999084472656,process,N,1.0
2024-05-22T21:34:26,Epoch 115,193e1618-225f-4dc7-9373-983fad27d27d,17836.795086860657,0.6549559863861292,3.6719376053638565e-05,52.5,544.1274569646625,1.9393157958984373,0.26011957693249,2.742684416923538,0.0095681965668778,3.0123721904229064,Spain,ESP,principality of asturias,,,Linux-6.2.0-39-generic-x86_64-with-glibc2.35,3.9.18,2.4.2,24,AMD Ryzen 9 5900X 12-Core Processor,2,2 x NVIDIA GeForce RTX 3090,-5.8144,43.3562,62.709999084472656,process,N,1.0
2024-05-22T21:36:59,Epoch 116,193e1618-225f-4dc7-9373-983fad27d27d,17989.822014570236,0.660570670272291,3.671913317081651e-05,52.5,562.4665792005779,1.9393844604492188,0.2623512168814741,2.766194364064816,0.0096505090183449,3.0381960899646354,Spain,ESP,principality of asturias,,,Linux-6.2.0-39-generic-x86_64-with-glibc2.35,3.9.18,2.4.2,24,AMD Ryzen 9 5900X 12-Core Processor,2,2 x NVIDIA GeForce RTX 3090,-5.8144,43.3562,62.709999084472656,process,N,1.0
2024-05-22T21:39:32,Epoch 117,193e1618-225f-4dc7-9373-983fad27d27d,18142.89722704888,0.6661578025859641,3.671727807578621e-05,52.5,558.9279367767342,1.939453125,0.2645835606738929,2.789576863881905,0.0097328456098892,3.063893270165688,Spain,ESP,principality of asturias,,,Linux-6.2.0-39-generic-x86_64-with-glibc2.35,3.9.18,2.4.2,24,AMD Ryzen 9 5900X 12-Core Processor,2,2 x NVIDIA GeForce RTX 3090,-5.8144,43.3562,62.709999084472656,process,N,1.0
2024-05-22T21:42:05,Epoch 118,193e1618-225f-4dc7-9373-983fad27d27d,18295.96143603325,0.6717418562247616,3.671530783300569e-05,52.5,557.7290818404559,1.939453125,0.2668157439082865,2.8129453631322576,0.0098151834211462,3.08957629046169,Spain,ESP,principality of asturias,,,Linux-6.2.0-39-generic-x86_64-with-glibc2.35,3.9.18,2.4.2,24,AMD Ryzen 9 5900X 12-Core Processor,2,2 x NVIDIA GeForce RTX 3090,-5.8144,43.3562,62.709999084472656,process,N,1.0
2024-05-22T21:44:38,Epoch 119,193e1618-225f-4dc7-9373-983fad27d27d,18449.020077466965,0.6773700195646308,3.671577225892603e-05,52.5,552.6500362813965,1.939453125,0.2690478460048639,2.8365168314338547,0.0098975092978165,3.115462186736534,Spain,ESP,principality of asturias,,,Linux-6.2.0-39-generic-x86_64-with-glibc2.35,3.9.18,2.4.2,24,AMD Ryzen 9 5900X 12-Core Processor,2,2 x NVIDIA GeForce RTX 3090,-5.8144,43.3562,62.709999084472656,process,N,1.0
2024-05-22T21:47:11,Epoch 120,193e1618-225f-4dc7-9373-983fad27d27d,18602.09747266769,0.682933530570408,3.6712716486614006e-05,52.5,540.0348188066478,1.9394516944885256,0.2712802215417229,2.859790670330696,0.0099798323891931,3.141050724261611,Spain,ESP,principality of asturias,,,Linux-6.2.0-39-generic-x86_64-with-glibc2.35,3.9.18,2.4.2,24,AMD Ryzen 9 5900X 12-Core Processor,2,2 x NVIDIA GeForce RTX 3090,-5.8144,43.3562,62.709999084472656,process,N,1.0
2024-05-22T21:49:44,Epoch 121,193e1618-225f-4dc7-9373-983fad27d27d,18755.269253492355,0.6884702118924954,3.670809534042267e-05,52.5,547.0183749358488,1.9393815994262693,0.2735139736955367,2.882939672738757,0.0100622162313773,3.1665158626656704,Spain,ESP,principality of asturias,,,Linux-6.2.0-39-generic-x86_64-with-glibc2.35,3.9.18,2.4.2,24,AMD Ryzen 9 5900X 12-Core Processor,2,2 x NVIDIA GeForce RTX 3090,-5.8144,43.3562,62.709999084472656,process,N,1.0
2024-05-22T21:52:18,Epoch 122,193e1618-225f-4dc7-9373-983fad27d27d,18908.37040042877,0.6940338523004141,3.670511194791678e-05,52.5,530.6875749215601,1.9393815994262693,0.2757466959978146,2.9062137333024367,0.0101445660563113,3.192104995356561,Spain,ESP,principality of asturias,,,Linux-6.2.0-39-generic-x86_64-with-glibc2.35,3.9.18,2.4.2,24,AMD Ryzen 9 5900X 12-Core Processor,2,2 x NVIDIA GeForce RTX 3090,-5.8144,43.3562,62.709999084472656,process,N,1.0
2024-05-22T21:54:51,Epoch 123,193e1618-225f-4dc7-9373-983fad27d27d,19061.527336120605,0.699572645699235,3.670076554534962e-05,52.5,548.2830003553365,1.9393815994262693,0.2779802320599558,2.929372656829571,0.0102269590524262,3.217579847941952,Spain,ESP,principality of asturias,,,Linux-6.2.0-39-generic-x86_64-with-glibc2.35,3.9.18,2.4.2,24,AMD Ryzen 9 5900X 12-Core Processor,2,2 x NVIDIA GeForce RTX 3090,-5.8144,43.3562,62.709999084472656,process,N,1.0
2024-05-22T21:57:24,Epoch 124,193e1618-225f-4dc7-9373-983fad27d27d,19214.69730234146,0.7051112822470572,3.669645538267906e-05,52.5,547.913305746468,1.9393129348754885,0.2802139580011371,2.952530676467063,0.0103093446464136,3.243053979114612,Spain,ESP,principality of asturias,,,Linux-6.2.0-39-generic-x86_64-with-glibc2.35,3.9.18,2.4.2,24,AMD Ryzen 9 5900X 12-Core Processor,2,2 x NVIDIA GeForce RTX 3090,-5.8144,43.3562,62.709999084472656,process,N,1.0
2024-05-22T21:59:57,Epoch 125,193e1618-225f-4dc7-9373-983fad27d27d,19367.857370853424,0.7106534785154808,3.669241593987258e-05,52.5,542.458882746552,1.9393129348754885,0.282447539280852,2.975705236951171,0.0103917064582339,3.268544482690256,Spain,ESP,principality of asturias,,,Linux-6.2.0-39-generic-x86_64-with-glibc2.35,3.9.18,2.4.2,24,AMD Ryzen 9 5900X 12-Core Processor,2,2 x NVIDIA GeForce RTX 3090,-5.8144,43.3562,62.709999084472656,process,N,1.0
2024-05-22T22:02:30,Epoch 126,193e1618-225f-4dc7-9373-983fad27d27d,19520.97347140312,0.7162224026430579,3.6689891705056325e-05,52.5,550.5022544504136,1.9393129348754885,0.2846804796809954,2.99900336864522,0.0104740687339638,3.2941579170601774,Spain,ESP,principality of asturias,,,Linux-6.2.0-39-generic-x86_64-with-glibc2.35,3.9.18,2.4.2,24,AMD Ryzen 9 5900X 12-Core Processor,2,2 x NVIDIA GeForce RTX 3090,-5.8144,43.3562,62.709999084472656,process,N,1.0
2024-05-22T22:05:03,Epoch 127,193e1618-225f-4dc7-9373-983fad27d27d,19674.089386224747,0.7217457864291963,3.668509236999516e-05,52.5,541.7912334933352,1.9394502639770508,0.286913417403897,3.0220920371161384,0.0105564409146327,3.3195618954346675,Spain,ESP,principality of asturias,,,Linux-6.2.0-39-generic-x86_64-with-glibc2.35,3.9.18,2.4.2,24,AMD Ryzen 9 5900X 12-Core Processor,2,2 x NVIDIA GeForce RTX 3090,-5.8144,43.3562,62.709999084472656,process,N,1.0
2024-05-22T22:07:36,Epoch 128,193e1618-225f-4dc7-9373-983fad27d27d,19827.16842556,0.7272687623658418,3.668041481043206e-05,52.5,551.7344703203236,1.9394502639770508,0.2891458170985186,3.045179404752673,0.0106387761151689,3.34496399796636,Spain,ESP,principality of asturias,,,Linux-6.2.0-39-generic-x86_64-with-glibc2.35,3.9.18,2.4.2,24,AMD Ryzen 9 5900X 12-Core Processor,2,2 x NVIDIA GeForce RTX 3090,-5.8144,43.3562,62.709999084472656,process,N,1.0
2024-05-22T22:10:10,Epoch 129,193e1618-225f-4dc7-9373-983fad27d27d,19980.29040336609,0.7328331015868175,3.667780031181913e-05,52.5,547.3601159679422,1.9394502639770508,0.291378842996558,3.0684563597631183,0.0107211419838077,3.3705563447434828,Spain,ESP,principality of asturias,,,Linux-6.2.0-39-generic-x86_64-with-glibc2.35,3.9.18,2.4.2,24,AMD Ryzen 9 5900X 12-Core Processor,2,2 x NVIDIA GeForce RTX 3090,-5.8144,43.3562,62.709999084472656,process,N,1.0
2024-05-22T22:12:43,Epoch 130,193e1618-225f-4dc7-9373-983fad27d27d,20133.42224216461,0.7383617968222762,3.66734372299586e-05,52.5,545.4229543888558,1.939518928527832,0.2936120128571992,3.091569225475609,0.0108035140026339,3.3959847523354405,Spain,ESP,principality of asturias,,,Linux-6.2.0-39-generic-x86_64-with-glibc2.35,3.9.18,2.4.2,24,AMD Ryzen 9 5900X 12-Core Processor,2,2 x NVIDIA GeForce RTX 3090,-5.8144,43.3562,62.709999084472656,process,N,1.0
2024-05-22T22:15:16,Epoch 131,193e1618-225f-4dc7-9373-983fad27d27d,20286.57589817047,0.7438988105840076,3.666951063195912e-05,52.5,534.7957624493589,1.9396562576293943,0.2958455007637545,3.1147200253851253,0.0108858935970889,3.421451419745967,Spain,ESP,principality of asturias,,,Linux-6.2.0-39-generic-x86_64-with-glibc2.35,3.9.18,2.4.2,24,AMD Ryzen 9 5900X 12-Core Processor,2,2 x NVIDIA GeForce RTX 3090,-5.8144,43.3562,62.709999084472656,process,N,1.0
2024-05-22T22:17:49,Epoch 132,193e1618-225f-4dc7-9373-983fad27d27d,20439.642511606216,0.749446194576715,3.666630637747984e-05,52.5,548.593701282306,1.939586162567139,0.2980777195046349,3.137919817000494,0.0109682469791339,3.446965783484261,Spain,ESP,principality of asturias,,,Linux-6.2.0-39-generic-x86_64-with-glibc2.35,3.9.18,2.4.2,24,AMD Ryzen 9 5900X 12-Core Processor,2,2 x NVIDIA GeForce RTX 3090,-5.8144,43.3562,62.709999084472656,process,N,1.0
2024-05-22T22:20:22,Epoch 133,193e1618-225f-4dc7-9373-983fad27d27d,20592.762744426727,0.7549816403377245,3.666247456485917e-05,52.5,545.503523628194,1.93965482711792,0.3003107200523221,3.161063889960189,0.0110506290972605,3.4724252391097705,Spain,ESP,principality of asturias,,,Linux-6.2.0-39-generic-x86_64-with-glibc2.35,3.9.18,2.4.2,24,AMD Ryzen 9 5900X 12-Core Processor,2,2 x NVIDIA GeForce RTX 3090,-5.8144,43.3562,62.709999084472656,process,N,1.0
2024-05-22T22:22:55,Epoch 134,193e1618-225f-4dc7-9373-983fad27d27d,20745.863507032394,0.760521031557642,3.665892390065335e-05,52.5,463.79191397549135,1.939586162567139,0.3025434365342064,3.184226413767973,0.0111329909817854,3.497902841283964,Spain,ESP,principality of asturias,,,Linux-6.2.0-39-generic-x86_64-with-glibc2.35,3.9.18,2.4.2,24,AMD Ryzen 9 5900X 12-Core Processor,2,2 x NVIDIA GeForce RTX 3090,-5.8144,43.3562,62.709999084472656,process,N,1.0
2024-05-22T22:25:28,Epoch 135,193e1618-225f-4dc7-9373-983fad27d27d,20898.95560479164,0.7660764105073332,3.66562054580225e-05,52.5,518.5141200773126,1.9395174980163568,0.3047760267406705,3.207462606245798,0.0112153436457647,3.5234539766322324,Spain,ESP,principality of asturias,,,Linux-6.2.0-39-generic-x86_64-with-glibc2.35,3.9.18,2.4.2,24,AMD Ryzen 9 5900X 12-Core Processor,2,2 x NVIDIA GeForce RTX 3090,-5.8144,43.3562,62.709999084472656,process,N,1.0
2024-05-22T22:28:01,Epoch 136,193e1618-225f-4dc7-9373-983fad27d27d,21052.132915735245,0.7716104823958965,3.6652366080168655e-05,52.5,547.6034655924658,1.939586162567139,0.3070098598688845,3.2305995033664203,0.0112977501014168,3.5489071133367207,Spain,ESP,principality of asturias,,,Linux-6.2.0-39-generic-x86_64-with-glibc2.35,3.9.18,2.4.2,24,AMD Ryzen 9 5900X 12-Core Processor,2,2 x NVIDIA GeForce RTX 3090,-5.8144,43.3562,62.709999084472656,process,N,1.0
2024-05-22T22:30:34,Epoch 137,193e1618-225f-4dc7-9373-983fad27d27d,21205.25298810005,0.7771337214943087,3.664817024019567e-05,52.5,544.5670334993391,1.939586162567139,0.3092428578714533,3.253687451003444,0.0113801173667394,3.5743104262416345,Spain,ESP,principality of asturias,,,Linux-6.2.0-39-generic-x86_64-with-glibc2.35,3.9.18,2.4.2,24,AMD Ryzen 9 5900X 12-Core Processor,2,2 x NVIDIA GeForce RTX 3090,-5.8144,43.3562,62.709999084472656,process,N,1.0
2024-05-22T22:33:08,Epoch 138,193e1618-225f-4dc7-9373-983fad27d27d,21358.40701532364,0.7826722493968721,3.664469212686798e-05,52.5,533.3370362798469,1.939586162567139,0.3114763513793551,3.2768451956407034,0.0114625106966054,3.5997840577166618,Spain,ESP,principality of asturias,,,Linux-6.2.0-39-generic-x86_64-with-glibc2.35,3.9.18,2.4.2,24,AMD Ryzen 9 5900X 12-Core Processor,2,2 x NVIDIA GeForce RTX 3090,-5.8144,43.3562,62.709999084472656,process,N,1.0
2024-05-22T22:35:41,Epoch 139,193e1618-225f-4dc7-9373-983fad27d27d,21511.518883228306,0.7882315267693644,3.664229992536315e-05,52.5,541.7361660791316,1.93965482711792,0.3137092298448089,3.3000990153548884,0.0115448780783742,3.625353123278069,Spain,ESP,principality of asturias,,,Linux-6.2.0-39-generic-x86_64-with-glibc2.35,3.9.18,2.4.2,24,AMD Ryzen 9 5900X 12-Core Processor,2,2 x NVIDIA GeForce RTX 3090,-5.8144,43.3562,62.709999084472656,process,N,1.0
2024-05-22T22:38:14,Epoch 140,193e1618-225f-4dc7-9373-983fad27d27d,21664.612221717834,0.7937456913641691,3.663789054892353e-05,52.5,547.3495094178469,1.9397234916687007,0.31594183827738,3.3231456157365784,0.0116272453456717,3.650714699359628,Spain,ESP,principality of asturias,,,Linux-6.2.0-39-generic-x86_64-with-glibc2.35,3.9.18,2.4.2,24,AMD Ryzen 9 5900X 12-Core Processor,2,2 x NVIDIA GeForce RTX 3090,-5.8144,43.3562,62.709999084472656,process,N,1.0
2024-05-22T22:40:47,Epoch 141,193e1618-225f-4dc7-9373-983fad27d27d,21817.69925665856,0.799274786980158,3.6634237990801296e-05,52.5,546.3392629841134,1.9397234916687007,0.3181743550022446,3.3462609825622,0.0117096108775652,3.676144948442007,Spain,ESP,principality of asturias,,,Linux-6.2.0-39-generic-x86_64-with-glibc2.35,3.9.18,2.4.2,24,AMD Ryzen 9 5900X 12-Core Processor,2,2 x NVIDIA GeForce RTX 3090,-5.8144,43.3562,62.709999084472656,process,N,1.0
2024-05-22T22:43:20,Epoch 142,193e1618-225f-4dc7-9373-983fad27d27d,21970.85046672821,0.8048495660120291,3.663260861161754e-05,52.5,552.3183045819758,1.9397234916687007,0.3204078073397282,3.3695854970551125,0.0117920071745033,3.70178531156934,Spain,ESP,principality of asturias,,,Linux-6.2.0-39-generic-x86_64-with-glibc2.35,3.9.18,2.4.2,24,AMD Ryzen 9 5900X 12-Core Processor,2,2 x NVIDIA GeForce RTX 3090,-5.8144,43.3562,62.709999084472656,process,N,1.0
2024-05-22T22:45:53,Epoch 143,193e1618-225f-4dc7-9373-983fad27d27d,22123.974555253983,0.8103946612094,3.662970499199693e-05,52.5,551.624080867901,1.9397234916687007,0.3226408644537135,3.392773888661381,0.0118743952204035,3.727289148335495,Spain,ESP,principality of asturias,,,Linux-6.2.0-39-generic-x86_64-with-glibc2.35,3.9.18,2.4.2,24,AMD Ryzen 9 5900X 12-Core Processor,2,2 x NVIDIA GeForce RTX 3090,-5.8144,43.3562,62.709999084472656,process,N,1.0
2024-05-22T22:48:26,Epoch 144,193e1618-225f-4dc7-9373-983fad27d27d,22277.071219205856,0.8159211792719906,3.662605246638328e-05,52.5,542.1657282145181,1.9397921562194824,0.3248735212574407,3.415877259366283,0.0119567617224566,3.752707542346177,Spain,ESP,principality of asturias,,,Linux-6.2.0-39-generic-x86_64-with-glibc2.35,3.9.18,2.4.2,24,AMD Ryzen 9 5900X 12-Core Processor,2,2 x NVIDIA GeForce RTX 3090,-5.8144,43.3562,62.709999084472656,process,N,1.0
2024-05-22T22:50:59,Epoch 145,193e1618-225f-4dc7-9373-983fad27d27d,22430.19034552574,0.8215031253074415,3.662488425878698e-05,52.5,550.3295033096458,1.939860820770264,0.327106505692999,3.4392352116637426,0.0120391516787852,3.778380869035523,Spain,ESP,principality of asturias,,,Linux-6.2.0-39-generic-x86_64-with-glibc2.35,3.9.18,2.4.2,24,AMD Ryzen 9 5900X 12-Core Processor,2,2 x NVIDIA GeForce RTX 3090,-5.8144,43.3562,62.709999084472656,process,N,1.0
2024-05-22T22:53:32,Epoch 146,193e1618-225f-4dc7-9373-983fad27d27d,22583.27016639709,0.8270376353864416,3.662169514391396e-05,52.5,543.8338220164876,1.939860820770264,0.32933891723007,3.4623755737871136,0.0121215301142672,3.8038360211314473,Spain,ESP,principality of asturias,,,Linux-6.2.0-39-generic-x86_64-with-glibc2.35,3.9.18,2.4.2,24,AMD Ryzen 9 5900X 12-Core Processor,2,2 x NVIDIA GeForce RTX 3090,-5.8144,43.3562,62.709999084472656,process,N,1.0
2024-05-22T22:56:06,Epoch 147,193e1618-225f-4dc7-9373-983fad27d27d,22736.391473531723,0.8325752333754612,3.661861796955304e-05,52.5,549.1138978549403,1.939860820770264,0.3315719335039461,3.48552952897694,0.0122039131272032,3.8293053756080857,Spain,ESP,principality of asturias,,,Linux-6.2.0-39-generic-x86_64-with-glibc2.35,3.9.18,2.4.2,24,AMD Ryzen 9 5900X 12-Core Processor,2,2 x NVIDIA GeForce RTX 3090,-5.8144,43.3562,62.709999084472656,process,N,1.0
2024-05-22T22:58:39,Epoch 148,193e1618-225f-4dc7-9373-983fad27d27d,22889.591017246246,0.8381293597769647,3.6616178906188105e-05,52.5,509.8264555177774,1.939860820770264,0.3338060908392076,3.508758312004417,0.0122863472045098,3.8548507500481306,Spain,ESP,principality of asturias,,,Linux-6.2.0-39-generic-x86_64-with-glibc2.35,3.9.18,2.4.2,24,AMD Ryzen 9 5900X 12-Core Processor,2,2 x NVIDIA GeForce RTX 3090,-5.8144,43.3562,62.709999084472656,process,N,1.0
2024-05-22T23:01:12,Epoch 149,193e1618-225f-4dc7-9373-983fad27d27d,23042.68717288971,0.8436997740766577,3.661464341143733e-05,52.5,542.9470771614815,1.939860820770264,0.3360387403726582,3.5320635750930194,0.012368722776353,3.880471038242026,Spain,ESP,principality of asturias,,,Linux-6.2.0-39-generic-x86_64-with-glibc2.35,3.9.18,2.4.2,24,AMD Ryzen 9 5900X 12-Core Processor,2,2 x NVIDIA GeForce RTX 3090,-5.8144,43.3562,62.709999084472656,process,N,1.0
2024-05-22T23:03:45,Epoch 150,193e1618-225f-4dc7-9373-983fad27d27d,23195.82462906837,0.8492317291892497,3.661140497350613e-05,52.5,542.8655920364323,1.939790725708008,0.3382719923863811,3.5551913213729875,0.0124511253923758,3.905914439151741,Spain,ESP,principality of asturias,,,Linux-6.2.0-39-generic-x86_64-with-glibc2.35,3.9.18,2.4.2,24,AMD Ryzen 9 5900X 12-Core Processor,2,2 x NVIDIA GeForce RTX 3090,-5.8144,43.3562,62.709999084472656,process,N,1.0
2024-05-22T23:06:18,Epoch 151,193e1618-225f-4dc7-9373-983fad27d27d,23349.0199007988,0.8547714752051015,3.660845203938769e-05,52.5,542.3319030010528,1.939790725708008,0.340506087171535,3.5783540437920465,0.0125335421932398,3.931393673156817,Spain,ESP,principality of asturias,,,Linux-6.2.0-39-generic-x86_64-with-glibc2.35,3.9.18,2.4.2,24,AMD Ryzen 9 5900X 12-Core Processor,2,2 x NVIDIA GeForce RTX 3090,-5.8144,43.3562,62.709999084472656,process,N,1.0
2024-05-22T23:08:51,Epoch 152,193e1618-225f-4dc7-9373-983fad27d27d,23502.148226737976,0.8603335314091287,3.660659115537118e-05,52.5,548.2972349382336,1.9397220611572268,0.3427392060255015,3.601620380460659,0.0126159330524767,3.956975519538633,Spain,ESP,principality of asturias,,,Linux-6.2.0-39-generic-x86_64-with-glibc2.35,3.9.18,2.4.2,24,AMD Ryzen 9 5900X 12-Core Processor,2,2 x NVIDIA GeForce RTX 3090,-5.8144,43.3562,62.709999084472656,process,N,1.0
2024-05-22T23:11:25,Epoch 153,193e1618-225f-4dc7-9373-983fad27d27d,23655.27433490753,0.8658623348723615,3.660335207335258e-05,52.5,545.6778458215243,1.9396519660949707,0.3449722924083475,3.624733814229174,0.0126983182705487,3.982404424908066,Spain,ESP,principality of asturias,,,Linux-6.2.0-39-generic-x86_64-with-glibc2.35,3.9.18,2.4.2,24,AMD Ryzen 9 5900X 12-Core Processor,2,2 x NVIDIA GeForce RTX 3090,-5.8144,43.3562,62.709999084472656,process,N,1.0
2024-05-22T23:13:58,Epoch 154,193e1618-225f-4dc7-9373-983fad27d27d,23808.40505194664,0.8713952493026681,3.6600320239907057e-05,52.5,551.9343539041105,1.9396519660949707,0.347205445753535,3.647866098568315,0.0127806937344137,4.00785223805626,Spain,ESP,principality of asturias,,,Linux-6.2.0-39-generic-x86_64-with-glibc2.35,3.9.18,2.4.2,24,AMD Ryzen 9 5900X 12-Core Processor,2,2 x NVIDIA GeForce RTX 3090,-5.8144,43.3562,62.709999084472656,process,N,1.0
2024-05-22T23:16:31,Epoch 155,193e1618-225f-4dc7-9373-983fad27d27d,23961.526101350784,0.8769619597469673,3.659875235148442e-05,52.5,545.7660584515564,1.9396519660949707,0.3494384585852428,3.671153946920796,0.0128630854146975,4.033455490920732,Spain,ESP,principality of asturias,,,Linux-6.2.0-39-generic-x86_64-with-glibc2.35,3.9.18,2.4.2,24,AMD Ryzen 9 5900X 12-Core Processor,2,2 x NVIDIA GeForce RTX 3090,-5.8144,43.3562,62.709999084472656,process,N,1.0
2024-05-22T23:19:04,Epoch 156,193e1618-225f-4dc7-9373-983fad27d27d,24114.64989233017,0.8824821875650822,3.659527264568588e-05,52.5,543.9505618684724,1.9395833015441888,0.3516715111340089,3.694227975657782,0.0129454671001042,4.058844953891889,Spain,ESP,principality of asturias,,,Linux-6.2.0-39-generic-x86_64-with-glibc2.35,3.9.18,2.4.2,24,AMD Ryzen 9 5900X 12-Core Processor,2,2 x NVIDIA GeForce RTX 3090,-5.8144,43.3562,62.709999084472656,process,N,1.0
2024-05-22T23:21:37,Epoch 157,193e1618-225f-4dc7-9373-983fad27d27d,24267.814945220947,0.8880116210689772,3.659215397321352e-05,52.5,544.5878187604916,1.9395833015441888,0.353905165241659,3.717343737205937,0.0130278545916102,4.084276757039201,Spain,ESP,principality of asturias,,,Linux-6.2.0-39-generic-x86_64-with-glibc2.35,3.9.18,2.4.2,24,AMD Ryzen 9 5900X 12-Core Processor,2,2 x NVIDIA GeForce RTX 3090,-5.8144,43.3562,62.709999084472656,process,N,1.0
2024-05-22T23:24:10,Epoch 158,193e1618-225f-4dc7-9373-983fad27d27d,24420.89934706688,0.8935707715999682,3.659041212613213e-05,52.5,568.6790974580509,1.9395833015441888,0.3561376430282993,3.7405974041421786,0.0131101920416045,4.109845239212077,Spain,ESP,principality of asturias,,,Linux-6.2.0-39-generic-x86_64-with-glibc2.35,3.9.18,2.4.2,24,AMD Ryzen 9 5900X 12-Core Processor,2,2 x NVIDIA GeForce RTX 3090,-5.8144,43.3562,62.709999084472656,process,N,1.0
2024-05-22T23:26:43,Epoch 159,193e1618-225f-4dc7-9373-983fad27d27d,24574.020170927048,0.8991149079168113,3.658802677229561e-05,52.5,549.234406559361,1.9395818710327148,0.3583706521848839,3.7637814507449576,0.013192562820689,4.135344665750528,Spain,ESP,principality of asturias,,,Linux-6.2.0-39-generic-x86_64-with-glibc2.35,3.9.18,2.4.2,24,AMD Ryzen 9 5900X 12-Core Processor,2,2 x NVIDIA GeForce RTX 3090,-5.8144,43.3562,62.709999084472656,process,N,1.0
2024-05-22T23:29:16,Epoch 160,193e1618-225f-4dc7-9373-983fad27d27d,24727.189220428467,0.9046328456811756,3.658454010348291e-05,52.5,547.3672039150795,1.939511775970459,0.3606043649484716,3.786844253639643,0.0132749773735435,4.160723595961658,Spain,ESP,principality of asturias,,,Linux-6.2.0-39-generic-x86_64-with-glibc2.35,3.9.18,2.4.2,24,AMD Ryzen 9 5900X 12-Core Processor,2,2 x NVIDIA GeForce RTX 3090,-5.8144,43.3562,62.709999084472656,process,N,1.0
2024-05-22T23:31:50,Epoch 161,193e1618-225f-4dc7-9373-983fad27d27d,24880.34364891052,0.9101773381581556,3.658218515796148e-05,52.5,541.1043907489478,1.939511775970459,0.3628378636126719,3.8100294463544335,0.0133573506383329,4.186224660605438,Spain,ESP,principality of asturias,,,Linux-6.2.0-39-generic-x86_64-with-glibc2.35,3.9.18,2.4.2,24,AMD Ryzen 9 5900X 12-Core Processor,2,2 x NVIDIA GeForce RTX 3090,-5.8144,43.3562,62.709999084472656,process,N,1.0
2024-05-22T23:34:23,Epoch 162,193e1618-225f-4dc7-9373-983fad27d27d,25033.46857070923,0.9157616260630266,3.658149183267902e-05,52.5,550.7140409951313,1.939511775970459,0.3650709326386455,3.833398101716,0.0134397240185977,4.21190875837324,Spain,ESP,principality of asturias,,,Linux-6.2.0-39-generic-x86_64-with-glibc2.35,3.9.18,2.4.2,24,AMD Ryzen 9 5900X 12-Core Processor,2,2 x NVIDIA GeForce RTX 3090,-5.8144,43.3562,62.709999084472656,process,N,1.0
2024-05-22T23:36:56,Epoch 163,193e1618-225f-4dc7-9373-983fad27d27d,25186.588718175888,0.9213065774485054,3.657925206773417e-05,52.5,510.8910523952226,1.939511775970459,0.3673039317816499,3.8565859119329247,0.013522089983514,4.237411933698087,Spain,ESP,principality of asturias,,,Linux-6.2.0-39-generic-x86_64-with-glibc2.35,3.9.18,2.4.2,24,AMD Ryzen 9 5900X 12-Core Processor,2,2 x NVIDIA GeForce RTX 3090,-5.8144,43.3562,62.709999084472656,process,N,1.0
2024-05-22T23:39:29,Epoch 164,193e1618-225f-4dc7-9373-983fad27d27d,25339.76874947548,0.9268545017205332,3.657707025206055e-05,52.5,548.2007407422986,1.9395804405212405,0.3695378040984277,3.879786487993357,0.0136044902785959,4.262928782370381,Spain,ESP,principality of asturias,,,Linux-6.2.0-39-generic-x86_64-with-glibc2.35,3.9.18,2.4.2,24,AMD Ryzen 9 5900X 12-Core Processor,2,2 x NVIDIA GeForce RTX 3090,-5.8144,43.3562,62.709999084472656,process,N,1.0
2024-05-22T23:42:02,Epoch 165,193e1618-225f-4dc7-9373-983fad27d27d,25492.8381023407,0.9324327799453443,3.65762641335619e-05,52.5,546.6303736052272,1.9396491050720213,0.3717700626224283,3.903128341944608,0.0136868349457266,4.288585239512765,Spain,ESP,principality of asturias,,,Linux-6.2.0-39-generic-x86_64-with-glibc2.35,3.9.18,2.4.2,24,AMD Ryzen 9 5900X 12-Core Processor,2,2 x NVIDIA GeForce RTX 3090,-5.8144,43.3562,62.709999084472656,process,N,1.0
2024-05-22T23:44:35,Epoch 166,193e1618-225f-4dc7-9373-983fad27d27d,25645.968994140625,0.9379681492643048,3.6573706748167866e-05,52.5,547.0574915154116,1.9396491050720213,0.3740032185057803,3.926271914626128,0.0137692104225817,4.314044343554492,Spain,ESP,principality of asturias,,,Linux-6.2.0-39-generic-x86_64-with-glibc2.35,3.9.18,2.4.2,24,AMD Ryzen 9 5900X 12-Core Processor,2,2 x NVIDIA GeForce RTX 3090,-5.8144,43.3562,62.709999084472656,process,N,1.0
2024-05-22T23:47:08,Epoch 167,193e1618-225f-4dc7-9373-983fad27d27d,25799.14421439171,0.9435082908135136,3.657130186074894e-05,52.5,547.9383293785436,1.939786434173584,0.3762370211238667,3.949436751491305,0.0138516241409673,4.339525396756141,Spain,ESP,principality of asturias,,,Linux-6.2.0-39-generic-x86_64-with-glibc2.35,3.9.18,2.4.2,24,AMD Ryzen 9 5900X 12-Core Processor,2,2 x NVIDIA GeForce RTX 3090,-5.8144,43.3562,62.709999084472656,process,N,1.0
2024-05-22T23:49:42,Epoch 168,193e1618-225f-4dc7-9373-983fad27d27d,25952.396733284,0.9490807163541156,3.657006041129596e-05,52.5,516.2153265917088,1.939786434173584,0.3784719506070023,3.972748920418809,0.0139340643262484,4.36515493535206,Spain,ESP,principality of asturias,,,Linux-6.2.0-39-generic-x86_64-with-glibc2.35,3.9.18,2.4.2,24,AMD Ryzen 9 5900X 12-Core Processor,2,2 x NVIDIA GeForce RTX 3090,-5.8144,43.3562,62.709999084472656,process,N,1.0
2024-05-22T23:52:15,Epoch 169,193e1618-225f-4dc7-9373-983fad27d27d,26105.67066168785,0.954599836235846,3.6566761628414974e-05,52.5,543.4642377372232,1.9398550987243648,0.3807071926146751,3.9958155738721217,0.0140165360485779,4.390539302535373,Spain,ESP,principality of asturias,,,Linux-6.2.0-39-generic-x86_64-with-glibc2.35,3.9.18,2.4.2,24,AMD Ryzen 9 5900X 12-Core Processor,2,2 x NVIDIA GeForce RTX 3090,-5.8144,43.3562,62.709999084472656,process,N,1.0
2024-05-22T23:54:48,Epoch 170,193e1618-225f-4dc7-9373-983fad27d27d,26258.93029665947,0.960144085986747,3.656447826090204e-05,52.5,550.4677783306878,1.939786434173584,0.3829422263085847,4.018998029640287,0.0140989948479536,4.416039250796824,Spain,ESP,principality of asturias,,,Linux-6.2.0-39-generic-x86_64-with-glibc2.35,3.9.18,2.4.2,24,AMD Ryzen 9 5900X 12-Core Processor,2,2 x NVIDIA GeForce RTX 3090,-5.8144,43.3562,62.709999084472656,process,N,1.0
2024-05-22T23:57:21,Epoch 171,193e1618-225f-4dc7-9373-983fad27d27d,26412.19006824493,0.965682948350076,3.6562017229730046e-05,52.5,515.2219002760075,1.939786434173584,0.3851772621025647,4.0421556953886295,0.0141814630829719,4.441514420574165,Spain,ESP,principality of asturias,,,Linux-6.2.0-39-generic-x86_64-with-glibc2.35,3.9.18,2.4.2,24,AMD Ryzen 9 5900X 12-Core Processor,2,2 x NVIDIA GeForce RTX 3090,-5.8144,43.3562,62.709999084472656,process,N,1.0
2024-05-22T23:59:55,Epoch 172,193e1618-225f-4dc7-9373-983fad27d27d,26565.41410470009,0.971258822984046,3.656102702393808e-05,52.5,548.7698059055995,1.9399237632751465,0.3874117766340579,4.065484124606911,0.0142639215186681,4.467159822759638,Spain,ESP,principality of asturias,,,Linux-6.2.0-39-generic-x86_64-with-glibc2.35,3.9.18,2.4.2,24,AMD Ryzen 9 5900X 12-Core Processor,2,2 x NVIDIA GeForce RTX 3090,-5.8144,43.3562,62.709999084472656,process,N,1.0
2024-05-23T00:02:28,Epoch 173,193e1618-225f-4dc7-9373-983fad27d27d,26718.6533138752,0.976772126633838,3.655768556743064e-05,52.5,529.761698286207,1.9399237632751465,0.3896465121944751,4.088524550817013,0.0143463760417741,4.492517439053261,Spain,ESP,principality of asturias,,,Linux-6.2.0-39-generic-x86_64-with-glibc2.35,3.9.18,2.4.2,24,AMD Ryzen 9 5900X 12-Core Processor,2,2 x NVIDIA GeForce RTX 3090,-5.8144,43.3562,62.709999084472656,process,N,1.0
2024-05-23T00:05:01,Epoch 174,193e1618-225f-4dc7-9373-983fad27d27d,26872.00986981392,0.9823183684951272,3.655544833654564e-05,52.5,542.3204716107874,1.9399237632751465,0.3918829592148469,4.111714690757992,0.0144288997559268,4.518026549728764,Spain,ESP,principality of asturias,,,Linux-6.2.0-39-generic-x86_64-with-glibc2.35,3.9.18,2.4.2,24,AMD Ryzen 9 5900X 12-Core Processor,2,2 x NVIDIA GeForce RTX 3090,-5.8144,43.3562,62.709999084472656,process,N,1.0
2024-05-23T00:07:34,Epoch 175,193e1618-225f-4dc7-9373-983fad27d27d,27025.211708545685,0.9878888456809742,3.655434252781792e-05,52.5,553.5031151414944,1.939992427825928,0.3941171499182787,4.135018639401153,0.0145113378386983,4.543647127158127,Spain,ESP,principality of asturias,,,Linux-6.2.0-39-generic-x86_64-with-glibc2.35,3.9.18,2.4.2,24,AMD Ryzen 9 5900X 12-Core Processor,2,2 x NVIDIA GeForce RTX 3090,-5.8144,43.3562,62.709999084472656,process,N,1.0
2024-05-23T00:10:08,Epoch 176,193e1618-225f-4dc7-9373-983fad27d27d,27178.44233322144,0.9934264816683914,3.655200211581226e-05,52.5,548.610390766853,1.939922332763672,0.3963517603263266,4.158171105423094,0.0145937906532974,4.569116656402716,Spain,ESP,principality of asturias,,,Linux-6.2.0-39-generic-x86_64-with-glibc2.35,3.9.18,2.4.2,24,AMD Ryzen 9 5900X 12-Core Processor,2,2 x NVIDIA GeForce RTX 3090,-5.8144,43.3562,62.709999084472656,process,N,1.0
2024-05-23T00:12:41,Epoch 177,193e1618-225f-4dc7-9373-983fad27d27d,27331.826207876205,0.9989739727366204,3.654984358303678e-05,52.5,567.6987960623517,1.939990997314453,0.3985886049553758,4.181366600368378,0.0146763072951198,4.594631512618872,Spain,ESP,principality of asturias,,,Linux-6.2.0-39-generic-x86_64-with-glibc2.35,3.9.18,2.4.2,24,AMD Ryzen 9 5900X 12-Core Processor,2,2 x NVIDIA GeForce RTX 3090,-5.8144,43.3562,62.709999084472656,process,N,1.0
2024-05-23T00:15:14,Epoch 178,193e1618-225f-4dc7-9373-983fad27d27d,27485.22795963288,1.0045488809185448,3.654868289227617e-05,52.5,542.3759385377476,1.9399209022521973,0.4008257111405339,4.204687901803183,0.01475885680886,4.620272469752576,Spain,ESP,principality of asturias,,,Linux-6.2.0-39-generic-x86_64-with-glibc2.35,3.9.18,2.4.2,24,AMD Ryzen 9 5900X 12-Core Processor,2,2 x NVIDIA GeForce RTX 3090,-5.8144,43.3562,62.709999084472656,process,N,1.0
2024-05-23T00:17:48,Epoch 179,193e1618-225f-4dc7-9373-983fad27d27d,27638.534845352173,1.0100821091713672,3.654615249408662e-05,52.5,552.8429192175321,1.9399209022521973,0.4030614338383084,4.227818936419098,0.0148413560231351,4.645721726280538,Spain,ESP,principality of asturias,,,Linux-6.2.0-39-generic-x86_64-with-glibc2.35,3.9.18,2.4.2,24,AMD Ryzen 9 5900X 12-Core Processor,2,2 x NVIDIA GeForce RTX 3090,-5.8144,43.3562,62.709999084472656,process,N,1.0
2024-05-23T00:20:21,Epoch 180,193e1618-225f-4dc7-9373-983fad27d27d,27791.70680689812,1.0156172256626017,3.654389536847437e-05,52.5,546.4409431870821,1.939852237701416,0.4052951890935506,4.250960694099163,0.0149237842862085,4.67117966747892,Spain,ESP,principality of asturias,,,Linux-6.2.0-39-generic-x86_64-with-glibc2.35,3.9.18,2.4.2,24,AMD Ryzen 9 5900X 12-Core Processor,2,2 x NVIDIA GeForce RTX 3090,-5.8144,43.3562,62.709999084472656,process,N,1.0
2024-05-23T00:22:54,Epoch 181,193e1618-225f-4dc7-9373-983fad27d27d,27945.00225830078,1.0211666706416394,3.654201424651208e-05,52.5,515.3183172715119,1.939852237701416,0.4075307450130587,4.274166491552663,0.0150062738501512,4.69670351041587,Spain,ESP,principality of asturias,,,Linux-6.2.0-39-generic-x86_64-with-glibc2.35,3.9.18,2.4.2,24,AMD Ryzen 9 5900X 12-Core Processor,2,2 x NVIDIA GeForce RTX 3090,-5.8144,43.3562,62.709999084472656,process,N,1.0
2024-05-23T00:25:27,Epoch 182,193e1618-225f-4dc7-9373-983fad27d27d,28098.214611530304,1.0267336791692208,3.654088679171428e-05,52.5,545.9229476169143,1.93978214263916,0.4097650889138386,4.297454337127377,0.0150887082286434,4.7223081342698565,Spain,ESP,principality of asturias,,,Linux-6.2.0-39-generic-x86_64-with-glibc2.35,3.9.18,2.4.2,24,AMD Ryzen 9 5900X 12-Core Processor,2,2 x NVIDIA GeForce RTX 3090,-5.8144,43.3562,62.709999084472656,process,N,1.0
2024-05-23T00:28:01,Epoch 183,193e1618-225f-4dc7-9373-983fad27d27d,28251.499589920044,1.0322564050609082,3.653811019041307e-05,52.5,548.0054366567637,1.93978214263916,0.4120004920671389,4.320537412260492,0.0151711824294986,4.747709086757127,Spain,ESP,principality of asturias,,,Linux-6.2.0-39-generic-x86_64-with-glibc2.35,3.9.18,2.4.2,24,AMD Ryzen 9 5900X 12-Core Processor,2,2 x NVIDIA GeForce RTX 3090,-5.8144,43.3562,62.709999084472656,process,N,1.0
2024-05-23T00:30:34,Epoch 184,193e1618-225f-4dc7-9373-983fad27d27d,28404.85694050789,1.0378098410736554,3.653635162631799e-05,52.5,546.966282678735,1.93978214263916,0.4142369506309435,4.343760638894608,0.0152536963317013,4.773251285857252,Spain,ESP,principality of asturias,,,Linux-6.2.0-39-generic-x86_64-with-glibc2.35,3.9.18,2.4.2,24,AMD Ryzen 9 5900X 12-Core Processor,2,2 x NVIDIA GeForce RTX 3090,-5.8144,43.3562,62.709999084472656,process,N,1.0
2024-05-23T00:33:07,Epoch 185,193e1618-225f-4dc7-9373-983fad27d27d,28558.21739602089,1.0433887499808894,3.65354999407725e-05,52.5,552.7078086310263,1.9398508071899416,0.4164734544192756,4.367100966455737,0.0153362228541875,4.798910643729196,Spain,ESP,principality of asturias,,,Linux-6.2.0-39-generic-x86_64-with-glibc2.35,3.9.18,2.4.2,24,AMD Ryzen 9 5900X 12-Core Processor,2,2 x NVIDIA GeForce RTX 3090,-5.8144,43.3562,62.709999084472656,process,N,1.0
2024-05-23T00:35:41,Epoch 186,193e1618-225f-4dc7-9373-983fad27d27d,28711.5034108162,1.0489212366501484,3.653313522603623e-05,52.5,534.8179379429984,1.9398508071899416,0.4187088707397386,4.390228927458097,0.0154186912565405,4.824356489454371,Spain,ESP,principality of asturias,,,Linux-6.2.0-39-generic-x86_64-with-glibc2.35,3.9.18,2.4.2,24,AMD Ryzen 9 5900X 12-Core Processor,2,2 x NVIDIA GeForce RTX 3090,-5.8144,43.3562,62.709999084472656,process,N,1.0
2024-05-23T00:38:14,Epoch 187,193e1618-225f-4dc7-9373-983fad27d27d,28864.72363591194,1.054452830430691,3.653084795583483e-05,52.5,549.8994690651538,1.9399194717407229,0.4209433294663831,4.413353763735742,0.0155011352691988,4.849798228471318,Spain,ESP,principality of asturias,,,Linux-6.2.0-39-generic-x86_64-with-glibc2.35,3.9.18,2.4.2,24,AMD Ryzen 9 5900X 12-Core Processor,2,2 x NVIDIA GeForce RTX 3090,-5.8144,43.3562,62.709999084472656,process,N,1.0
2024-05-23T00:40:47,Epoch 188,193e1618-225f-4dc7-9373-983fad27d27d,29018.002872228622,1.0600137461071233,3.652952102784435e-05,52.5,551.3847862391091,1.9399194717407229,0.4231786491488421,4.436612556787196,0.0155836232308553,4.875374829166889,Spain,ESP,principality of asturias,,,Linux-6.2.0-39-generic-x86_64-with-glibc2.35,3.9.18,2.4.2,24,AMD Ryzen 9 5900X 12-Core Processor,2,2 x NVIDIA GeForce RTX 3090,-5.8144,43.3562,62.709999084472656,process,N,1.0
2024-05-23T00:43:20,Epoch 189,193e1618-225f-4dc7-9373-983fad27d27d,29171.26054525376,1.0655378980242476,3.652697477269674e-05,52.5,544.1446127348921,1.939988136291504,0.4254136540780469,4.459702594981437,0.0156660913855902,4.900782340445068,Spain,ESP,principality of asturias,,,Linux-6.2.0-39-generic-x86_64-with-glibc2.35,3.9.18,2.4.2,24,AMD Ryzen 9 5900X 12-Core Processor,2,2 x NVIDIA GeForce RTX 3090,-5.8144,43.3562,62.709999084472656,process,N,1.0
2024-05-23T00:45:54,Epoch 190,193e1618-225f-4dc7-9373-983fad27d27d,29324.54723119736,1.0710690067358106,3.652465623054319e-05,52.5,545.1070749018371,1.939988136291504,0.427649082265298,4.482824183478698,0.0157485827157368,4.926221848459726,Spain,ESP,principality of asturias,,,Linux-6.2.0-39-generic-x86_64-with-glibc2.35,3.9.18,2.4.2,24,AMD Ryzen 9 5900X 12-Core Processor,2,2 x NVIDIA GeForce RTX 3090,-5.8144,43.3562,62.709999084472656,process,N,1.0
2024-05-23T00:48:27,Epoch 191,193e1618-225f-4dc7-9373-983fad27d27d,29477.824947357178,1.0766073501449158,3.6522618343367246e-05,52.5,509.953995461335,1.939988136291504,0.4298843793754781,4.505979186447121,0.0158310655620697,4.951694631384661,Spain,ESP,principality of asturias,,,Linux-6.2.0-39-generic-x86_64-with-glibc2.35,3.9.18,2.4.2,24,AMD Ryzen 9 5900X 12-Core Processor,2,2 x NVIDIA GeForce RTX 3090,-5.8144,43.3562,62.709999084472656,process,N,1.0
2024-05-23T00:51:00,Epoch 192,193e1618-225f-4dc7-9373-983fad27d27d,29631.09678888321,1.0821745623203771,3.65215830527873e-05,52.5,555.5291863075075,1.9399194717407229,0.4321195909460391,4.529267059799636,0.0159135411409727,4.977300191886641,Spain,ESP,principality of asturias,,,Linux-6.2.0-39-generic-x86_64-with-glibc2.35,3.9.18,2.4.2,24,AMD Ryzen 9 5900X 12-Core Processor,2,2 x NVIDIA GeForce RTX 3090,-5.8144,43.3562,62.709999084472656,process,N,1.0
2024-05-23T00:53:34,Epoch 193,193e1618-225f-4dc7-9373-983fad27d27d,29784.3420124054,1.0877025396555486,3.651927375808781e-05,52.5,548.2582245451005,1.9399194717407229,0.4343544144834086,4.552374878841434,0.0159960042786656,5.002725297603502,Spain,ESP,principality of asturias,,,Linux-6.2.0-39-generic-x86_64-with-glibc2.35,3.9.18,2.4.2,24,AMD Ryzen 9 5900X 12-Core Processor,2,2 x NVIDIA GeForce RTX 3090,-5.8144,43.3562,62.709999084472656,process,N,1.0
2024-05-23T00:56:07,Epoch 194,193e1618-225f-4dc7-9373-983fad27d27d,29937.64010119438,1.0932415218193083,3.6517291213467846e-05,52.5,541.651221173004,1.939988136291504,0.4365900087813541,4.575532513200855,0.0160784964028207,5.028201018385023,Spain,ESP,principality of asturias,,,Linux-6.2.0-39-generic-x86_64-with-glibc2.35,3.9.18,2.4.2,24,AMD Ryzen 9 5900X 12-Core Processor,2,2 x NVIDIA GeForce RTX 3090,-5.8144,43.3562,62.709999084472656,process,N,1.0
2024-05-23T00:58:40,Epoch 195,193e1618-225f-4dc7-9373-983fad27d27d,30090.96340060234,1.0988289158140392,3.651690712541439e-05,52.5,703.5945978708478,1.939988136291504,0.4388259706854825,4.598912437460328,0.0161609940031932,5.053899402148996,Spain,ESP,principality of asturias,,,Linux-6.2.0-39-generic-x86_64-with-glibc2.35,3.9.18,2.4.2,24,AMD Ryzen 9 5900X 12-Core Processor,2,2 x NVIDIA GeForce RTX 3090,-5.8144,43.3562,62.709999084472656,process,N,1.0
2024-05-23T01:01:13,Epoch 196,193e1618-225f-4dc7-9373-983fad27d27d,30244.1876718998,1.1043728691007586,3.651521016472343e-05,52.5,544.7924120927077,1.939988136291504,0.441060488374035,4.622094056283387,0.0162434422103278,5.079397986867744,Spain,ESP,principality of asturias,,,Linux-6.2.0-39-generic-x86_64-with-glibc2.35,3.9.18,2.4.2,24,AMD Ryzen 9 5900X 12-Core Processor,2,2 x NVIDIA GeForce RTX 3090,-5.8144,43.3562,62.709999084472656,process,N,1.0
2024-05-23T01:03:47,Epoch 197,193e1618-225f-4dc7-9373-983fad27d27d,30397.44119286537,1.1099100423949473,3.651327213211144e-05,52.5,548.2682122817251,1.9399194717407229,0.4432954327002172,4.645244048970028,0.0163259063537292,5.104865388023969,Spain,ESP,principality of asturias,,,Linux-6.2.0-39-generic-x86_64-with-glibc2.35,3.9.18,2.4.2,24,AMD Ryzen 9 5900X 12-Core Processor,2,2 x NVIDIA GeForce RTX 3090,-5.8144,43.3562,62.709999084472656,process,N,1.0
2024-05-23T01:06:20,Epoch 198,193e1618-225f-4dc7-9373-983fad27d27d,30550.62157177925,1.1154751828118967,3.651235639154075e-05,52.5,551.2045054810894,1.939988136291504,0.4455293105905258,4.668523774260478,0.0164083349312524,5.130461419782252,Spain,ESP,principality of asturias,,,Linux-6.2.0-39-generic-x86_64-with-glibc2.35,3.9.18,2.4.2,24,AMD Ryzen 9 5900X 12-Core Processor,2,2 x NVIDIA GeForce RTX 3090,-5.8144,43.3562,62.709999084472656,process,N,1.0
2024-05-23T01:08:53,Epoch 199,193e1618-225f-4dc7-9373-983fad27d27d,30703.868450641632,1.121009672386225,3.651037243689073e-05,52.5,548.2820035875327,1.939988136291504,0.4477641579657797,4.691661520826187,0.0164907987780415,5.155916477570003,Spain,ESP,principality of asturias,,,Linux-6.2.0-39-generic-x86_64-with-glibc2.35,3.9.18,2.4.2,24,AMD Ryzen 9 5900X 12-Core Processor,2,2 x NVIDIA GeForce RTX 3090,-5.8144,43.3562,62.709999084472656,process,N,1.0
2024-05-23T01:11:26,Epoch 200,193e1618-225f-4dc7-9373-983fad27d27d,30857.089175224304,1.1265441191320833,3.650843774456229e-05,52.5,553.9787908387393,1.939988136291504,0.4499986237506075,4.714799481558771,0.0165732330652309,5.181371338374604,Spain,ESP,principality of asturias,,,Linux-6.2.0-39-generic-x86_64-with-glibc2.35,3.9.18,2.4.2,24,AMD Ryzen 9 5900X 12-Core Processor,2,2 x NVIDIA GeForce RTX 3090,-5.8144,43.3562,62.709999084472656,process,N,1.0
2024-05-23T01:14:00,Epoch 201,193e1618-225f-4dc7-9373-983fad27d27d,31010.339884519577,1.1320919087093857,3.650691714199908e-05,52.5,500.4981590173111,1.9399194717407229,0.4522335269654793,4.737998342340063,0.0166556982330982,5.206887567538637,Spain,ESP,principality of asturias,,,Linux-6.2.0-39-generic-x86_64-with-glibc2.35,3.9.18,2.4.2,24,AMD Ryzen 9 5900X 12-Core Processor,2,2 x NVIDIA GeForce RTX 3090,-5.8144,43.3562,62.709999084472656,process,N,1.0
2024-05-23T01:16:33,Epoch 202,193e1618-225f-4dc7-9373-983fad27d27d,31163.598077774048,1.1376603018534102,3.650606387023045e-05,52.5,549.6005193130844,1.9398508071899416,0.454468539147576,4.761291875697111,0.0167381448843705,5.232498559729053,Spain,ESP,principality of asturias,,,Linux-6.2.0-39-generic-x86_64-with-glibc2.35,3.9.18,2.4.2,24,AMD Ryzen 9 5900X 12-Core Processor,2,2 x NVIDIA GeForce RTX 3090,-5.8144,43.3562,62.709999084472656,process,N,1.0
2024-05-23T01:19:06,Epoch 203,193e1618-225f-4dc7-9373-983fad27d27d,31316.863253831863,1.1432013373376029,3.650433723427659e-05,52.5,547.2179413242424,1.9398508071899416,0.4567036536211772,4.784459447008928,0.01682062382098,5.257983724451081,Spain,ESP,principality of asturias,,,Linux-6.2.0-39-generic-x86_64-with-glibc2.35,3.9.18,2.4.2,24,AMD Ryzen 9 5900X 12-Core Processor,2,2 x NVIDIA GeForce RTX 3090,-5.8144,43.3562,62.709999084472656,process,N,1.0
2024-05-23T01:21:39,Epoch 204,193e1618-225f-4dc7-9373-983fad27d27d,31470.162783384323,1.1487530866214133,3.65029280124326e-05,52.5,548.2329720759586,1.9399194717407229,0.4589392689963186,4.807675777526427,0.0169031191707653,5.283518165693505,Spain,ESP,principality of asturias,,,Linux-6.2.0-39-generic-x86_64-with-glibc2.35,3.9.18,2.4.2,24,AMD Ryzen 9 5900X 12-Core Processor,2,2 x NVIDIA GeForce RTX 3090,-5.8144,43.3562,62.709999084472656,process,N,1.0
2024-05-23T01:24:13,Epoch 205,193e1618-225f-4dc7-9373-983fad27d27d,31623.44283366204,1.154332203503602,3.650242035869847e-05,52.5,549.3911177535095,1.939988136291504,0.4611746002569798,4.83101827620041,0.0169856036577922,5.309178480115177,Spain,ESP,principality of asturias,,,Linux-6.2.0-39-generic-x86_64-with-glibc2.35,3.9.18,2.4.2,24,AMD Ryzen 9 5900X 12-Core Processor,2,2 x NVIDIA GeForce RTX 3090,-5.8144,43.3562,62.709999084472656,process,N,1.0
2024-05-23T01:26:46,Epoch 206,193e1618-225f-4dc7-9373-983fad27d27d,31776.71531701088,1.159869439130087,3.650060830891415e-05,52.5,544.003907766718,1.939918041229248,0.4634098212952419,4.85416826194259,0.0170680847216589,5.334646167959484,Spain,ESP,principality of asturias,,,Linux-6.2.0-39-generic-x86_64-with-glibc2.35,3.9.18,2.4.2,24,AMD Ryzen 9 5900X 12-Core Processor,2,2 x NVIDIA GeForce RTX 3090,-5.8144,43.3562,62.709999084472656,process,N,1.0
2024-05-23T01:29:19,Epoch 207,193e1618-225f-4dc7-9373-983fad27d27d,31929.978475809097,1.1654119144524824,3.649898841414584e-05,52.5,544.2147978963624,1.939918041229248,0.4656449064860746,4.877342483815298,0.0171505647008053,5.360137955002172,Spain,ESP,principality of asturias,,,Linux-6.2.0-39-generic-x86_64-with-glibc2.35,3.9.18,2.4.2,24,AMD Ryzen 9 5900X 12-Core Processor,2,2 x NVIDIA GeForce RTX 3090,-5.8144,43.3562,62.709999084472656,process,N,1.0
2024-05-23T01:31:53,Epoch 208,193e1618-225f-4dc7-9373-983fad27d27d,32083.278751134872,1.170981873318793,3.6498198404281626e-05,52.5,551.6956364083987,1.9399867057800293,0.4678805327892308,4.900642554955354,0.0172330607537007,5.385756148498281,Spain,ESP,principality of asturias,,,Linux-6.2.0-39-generic-x86_64-with-glibc2.35,3.9.18,2.4.2,24,AMD Ryzen 9 5900X 12-Core Processor,2,2 x NVIDIA GeForce RTX 3090,-5.8144,43.3562,62.709999084472656,process,N,1.0
2024-05-23T01:34:26,Epoch 209,193e1618-225f-4dc7-9373-983fad27d27d,32236.493937015533,1.1765118650437838,3.649627243404578e-05,52.5,501.0558573940105,1.9399867057800293,0.4701149180029833,4.923760094838258,0.0173155062588712,5.411190519100108,Spain,ESP,principality of asturias,,,Linux-6.2.0-39-generic-x86_64-with-glibc2.35,3.9.18,2.4.2,24,AMD Ryzen 9 5900X 12-Core Processor,2,2 x NVIDIA GeForce RTX 3090,-5.8144,43.3562,62.709999084472656,process,N,1.0
2024-05-23T01:34:26,Epoch 209,193e1618-225f-4dc7-9373-983fad27d27d,32236.51948595047,1.1765147225924928,3.6496332152273734e-05,52.5,1909.3591029546158,1.9399867057800293,0.47011529046644807,4.923772859015131,0.017315512486822518,5.411203661968397,Spain,ESP,principality of asturias,,,Linux-6.2.0-39-generic-x86_64-with-glibc2.35,3.9.18,2.4.2,24,AMD Ryzen 9 5900X 12-Core Processor,2,2 x NVIDIA GeForce RTX 3090,-5.8144,43.3562,62.709999084472656,process,N,1.0
