userId,cold,BiVAECF
0411145C92866FD791D7EC2DCFA41AE2,1,0.14987054163194743
8892A1BCC3367F3D8E6D15894C7EAC93,2,0.1729696904450771
BA8733AA64A700C5C89EEEDC70DF72BC,8,0.26264953503719357
1AA942A0883B9EB2D2EE6826E587CA73,2,0.3333333333333333
3025E0E39C0EF14450DC516FDF96B9CD,8,0.3333333333333333
8FC1CDF1D06EF4F212003A4FA924ABAB,1,0.2
5C67CE19F1C78975139FC46A8EBAE054,2,0.17629143438888212
49267809960651E73371ABF7F242879E,69,0.7455580863249928
D8EAF1BE655C754CE27C57F9C83B0573,1,0.39780880120575696
28627523667AD8C6D67FA85F9ABF7624,35,0.3945127680807654
0E7CAF13E26EDD8D459D3B8BB59476DA,5,0.15329048865267808
4E335BAE4A7DDF2AB0180EA2BD2E6782,8,0.2973578905992549
4B6B56F1D740FB6507C8056FF1820099,1,0.17629143438888212
B7D027BCF25726A6FB9C8DE4B2907BB3,48,0.7030160229596791
73724AA5555A57C3BBC60D165A1F4E4F,11,0.227670248696953
C3853E9C0AFC083A9F698B4A283DF262,2,0.26264953503719357
10572693A351BC3B307F40EB7A35D534,1,0.6309297535714575
C4F122F57CE6B6600EDD175AE8D03FFB,1,0.5
B331CCA3C6150A4650AED97BD6913680,8,0.3641624347148869
642C876FF488B12EE8BCF9F109BDA2D6,2,0.20801459767650948
4BA326A11BA4F474C9C817C42793F57E,17,0.9407662247971147
9F2BF9FE0FFF1A19E29EA99898855D1D,1,0.1505149978319906
0EBE2A7FFC9AB2355FA3E49E9E611D8B,4,0.1781035935540111
A96726DC6CB93A1519770A22047AB43C,2,0.1408841194731412
ED94975D48922E7F0276F656FC6E05A3,4,0.18316925091363362
639AC836F517F72AA3FB7990FE76E263,23,0.6309297535714575
E69187705CEE03B959589F3A73693C82,7,0.1905514124267734
9E0EA0BD3C307F9FF8815386E4CBC16F,2,0.18920035951687003
B6C32F55D115CABA8867FD836F33EA76,5,0.18665241123894338
52CBD8C958E03A50896961381664FE95,3,0.2890648263178879
86EFD6903BFE90CBA8E72A9383D8836C,2,1.0
446EA2AB1AAEFA14F5818CF7DFB917AE,9,0.3562071871080222
A51674C93E57805A18A4E1C3B16FBB85,16,0.18989308952084155
5BF936104C80A71CB5CB8E0B4A528700,1,1.0
7EBA9117123436137234888B40AAB908,17,0.21989014909311605
,43,0.16260831227163416
FA1FA8319F2A5C6A8A7F4B82BAA790BD,7,0.7446762637646603
7ED2941B094F1543065411DB4F8DD98F,7,0.17144160057391347
3127383BEFCAF42720A912FAD135290E,6,0.14804095548293264
F378EB032EA76AB79F8D5BAE0CF226D5,2,0.20801459767650948
A6C329E79044AAB92F209686FB453D28,1,0.26264953503719357
625BB4688176E5B81E3DD95CF1125A68,25,0.26264953503719357
E02FF80B9D974DD2A30DDA3AE4D18925,2,0.1396673142523192
00510DF8B59D39FA27B4AECDC6E2959F,3,0.20184908658209985
DD747DA80FBDAA9E1DA64DF1CF790D66,19,0.2713234475503832
7ED75C8889D7F410E8C83CC986147FE8,14,0.18003132665669264
74254B2A279746EFBAE7C1DAA5FD600A,4,0.1505149978319906
69D0C4CB6094C8234B1C623226CF3ED9,2,0.6309297535714575
7FE500FFC1D771F35096C724C380DD56,7,1.0
42B85A8DBA573B77A4A3D172BF27499A,1,0.18665241123894338
9873010CB1B23A7AAC7177FB6B22B5FC,1,0.16104477175644444
E8B211BAD6EEDC917E7082F754EB9032,7,0.22390586113390443
1C19CD374EDF36212742DCF80F9903D1,4,0.2890648263178879
DDF3964186517B12DE7251CF2870F429,26,0.7527425666302089
B37AA2B0BBCF95BE322D7D79D1682703,1,0.5
40D6515468563E5B299C26F771266EC3,1,0.2037950470905062
0BB3F5FC5D891A00A9EE4526300DB5CE,1,0.21274605355336318
68F838C141F94E870AF0FDD70BD145AA,27,0.1781035935540111
756AA8FD99211E4E803D732E159CACB1,1,0.14608157963242446
0DACC371DB98E80CD7D0D5DC7F56CFAC,1,0.1505149978319906
F4DEAE6A81AA6951EA8A0C6ABDB2DB78,1,0.16929380759878143
47991D520473A53AA5A46812783CEA98,8,0.15084420062289414
8421FC087A552196F706D044C30AFE14,7,0.3333333333333333
720D99B00F57189275E3D48AE9642532,1,0.25
764D79B88C2EA53ED4D61585C045B5EB,4,0.21533827903669653
291F8A2FABEDC0859F803F5F1BD5B804,2,1.0
54D8E431FA627FA94FB394902A403F2C,4,0.1949590218937863
23F61DF8E56F2C58676B9CEFEC7020A4,1,0.43067655807339306
C45FAB8F612C9855F052842E1B1F32FA,11,0.23981246656813146
FC7DD12F30E22F73314BE6ACB0A46FA5,1,0.1965616322328226
75F2B0CF5525B28F6A5636BB9A3DB5F5,1,0.15117821092177644
165575EDF9884E63A2574038B0EDD6B6,8,0.679482713537451
51F0E2B5E010BCE0778B63B20A81E472,17,0.261200097145317
D80FFBC13EE3B98E3498FFF593F3C900,3,0.3254604649035663
D1ED66E5E0F9D380B8B71F52D304FF96,2,0.148634337571835
D5D85DFE05E02594AF41736A7E2B2826,47,0.16929380759878143
5B57847DC0931F3D88FD4382FF5137A8,7,0.6309297535714575
EEFC4F0BE18D7052A99F42BD88ACA819,1,0.14529302083924284
0FBEB24D21A54D5417F858F9435534C6,37,0.6719358670447712
CB17211D37CAFDAC236CBE671EBEDC51,2,0.6309297535714575
D15655377C30CA1D512AC2FC3DFDE155,1,0.22424382421757544
328569E2DF031EAA74AF9DF89253F6E3,1,0.227670248696953
100EC7D39DA5344AB28E004252CCD83A,2,0.227670248696953
EDC1CDFBE2CADAE6B5F0750700EE8711,2,0.1729696904450771
535D77FFB74AD70037C823B1A3D865F1,5,0.3651691460726252
5D0425AEDDC435833650ABCFD35F8B66,2,0.2103099178571525
277C2679461929A282B2C239F36BDF85,19,0.25480685020064703
D5DD414608DAEF610FE715B6088060B8,1,0.21810429198553155
ABF71B19695640A8DAF6EFA6D099B2E9,5,0.146350958075862
3E7727D972949067EC9AE0FA9696E83D,44,0.3983835667243651
6E2483ACE93479898D7745767F115377,1,0.3244633169480735
A4327542273F13DAB8D0FEDD9A3AE045,14,0.16155546744299637
28B29A08147B670982777A27E47830CC,9,0.2566714463163174
5557C150B925B5C49A1FEBA8EB3DD724,42,0.7810225074174317
646BE2686ED703B185D9A0FFF3163E18,3,0.6309297535714575
F758BB7D5A96AECD03EAFADAF97FC34A,1,0.27894294565112987
1ED92EA37A31A22681DF9AB06D9BF1CE,1,0.1905514124267734
5959AB7CA9FE1CDA7E6EDC0BA202E824,1,0.18428883314870617
D38E2EC78115A29B5F86D08770DECD60,1,1.0
ECDBF14062A9B7C45EDF2349FDCFD530,3,0.16155546744299637
4980C94A85DC96D9BC490519B9336C3A,6,0.27406508851721456
AC35C987C138D45D71BAC923EDAC0CA8,3,0.2837368274693644
2415D47604FCD8099DFEA5CCD9A9B515,2,0.21274605355336318
1A91CA6C9BF796CB2F4AE17F25FCE596,8,0.2510726202750762
3D4B696AF28180DE113E1CE015F729B6,4,0.31546487678572877
055CCF728CC60164A360235D1C66FDFC,6,0.3010299956639812
92E3BCFC40614EB795438BD4E08F2762,3,0.16427204996205025
064F1F0BC5C35CF28BFEAD64C8E9FE85,1,0.43067655807339306
152AA37D780D12F611C1DFB7DBA3FC52,7,0.18208790046993825
268879778D4415DA329CF5C28BEF7954,6,0.1505149978319906
42BBFD22937F52B0A11DA50D7C75C148,2,0.5
E7B55E37A8236A1405C6F1AFB19721ED,4,0.3800757918805752
C9393413A90561423C45435C8147CFE6,22,0.2580478624909504
354D3A9DBC4A15674DC03680985916E8,28,0.37012400270250023
5C4C03DDDF968261E790AB748D2330B3,8,1.0
F86AB6414AC0DEA3CB46EEC47444EBB9,1,0.14026655943145866
B965CC29F64DBF6B3541430D5FB700FB,5,0.1889869615778796
86C0EDFE6F126B6A469AD1A35F30C1C0,20,0.3586181004334419
A98F41A0ED3871476D41698CD2781CB8,3,0.43067655807339306
FB5879A6F0D6864A38B6A52474F5AE11,8,0.23137821315975915
2C7216152DB8D0C7CD65F577B3C436FE,2,0.22424382421757544
6065A74574BC03D93FC2D84FB63EEAA3,5,0.21533827903669653
C097291612409A08DA6DDE4C9832158A,1,0.14453241315894394
D0D0DD683490F445199D524C6B6FD3DF,13,0.3562071871080222
8A07084B877597A722B6B887CBD31529,2,1.0
EF1670AFA499DAAE52F8F37AC8A230D8,1,0.14503646569481302
590D37F4ADA82FCD18A58D0F80E955C5,4,0.16730017881017412
6393474E96BB94A470AB50EFE9CB078A,2,0.22424382421757544
545207E45981EE870567CE23D4975C35,3,0.18665241123894338
9F677B8CF786519261CAE6A19CC21531,33,0.19047865551254436
414048F178DB10EC261E886FE6214932,1,0.14379806887337757
B0BF7589150010FB89FCCF1C44ED5659,2,0.43067655807339306
6310235C604DDE5ABC45FE80EB351496,1,0.156861774859441
71D645160A54E24AC4AE5413119FDDC1,1,0.38685280723454163
6DE5306E5BE6840160BDEE7BE8B82A24,9,0.14453241315894394
40D1711082A86242C3FD6035C8DED089,2,0.43067655807339306
5C2CDCEB79A94797FD03B3C897F003DA,5,0.38685280723454163
06E015D1203159EED93FA159903E0F57,13,0.3941376571472261
455E30265BC96EEA63270E3B00066A31,10,0.18428883314870617
597A1929613CA2316089B4EF54736556,6,0.2595195793645474
CEA5CDEC10E821F029D7416DF3822F4B,1,0.1854490234153689
68031560956CFD2AE906801609EEA546,4,1.0
F5AB8FABF973017C9388A732993C842A,22,0.5912352048230277
8C4EF8A10F89007D7F20E5034A0BB0B4,5,0.1854490234153689
39373E42CA11641BB3D66FA1428DBD3D,16,0.2845348119804074
3A6488E67CA5E6BE6DFEE71796A3F3B7,9,0.5
E7F374AFE9A4A71AA8F43B7CD9C37B86,2,0.31546487678572877
D278E889CA4E419778E371EA8C2A51C8,3,0.6309297535714575
417A47C0287E25BE941E227EDAC7D881,2,0.22011273672121653
8160E12E1445BC725972192C5D1B8AA8,2,0.23540891336663824
D5D9514DD2F847E377DF9CC791B2DBBC,5,0.15602106502222501
9B7E7AC62F09C200E55CA7A13B97580B,2,1.0
F1B3315C5625A55F044377DB92DB8E4E,8,0.23540891336663824
129FB8BA0FEDA1F20390484D2501278E,1,0.23540891336663824
CDD00567E1BD15E361646B8AD46E968C,3,0.18316925091363362
8A0F1364224D60131FA1A871D826A6C8,4,0.1949590218937863
339F49B304221565844959E6942D2EAE,1,0.14608157963242446
D527B6D79C95D65FDC37EB55CCA1B3F7,1,0.4327880038455062
9C254FBFAE6B5B82B566ACEAAC3AE51D,35,0.4536139370491393
E3260ADBC970ABBEAACEC60D18AA2571,88,0.3065783023540421
AC1A8334ED613EE038BE46FD8D58C488,1,0.16666666666666666
16825EBEEBB3882AAFE155EB561BF303,1,0.43067655807339306
CF458FF2E5D41153A1C119B0DE686E2F,1,0.3010299956639812
EDB40B11F13EB1A23AE5833003C2704F,3,0.43067655807339306
26B5F34529CE158DD60241E8B232ECBA,2,0.18790182470910757
583C715A822673E4461A75EDD40DE68E,1,0.1949590218937863
F92CAA4269BE05966929E2749EEA15A2,20,0.33052608497541236
829812FA3AEB3C6AD1012F54BDEB4AF7,19,0.4818663940831532
B4667BEE7F2A1F1AC1B20CE4BA76AC50,2,0.3333333333333333
FB7192CA44C708E52D34799D149C22C4,4,0.20801459767650948
24350B9F465330B90DE7C402C5EB5208,33,0.8825295610306947
851EF4D32861FD9D89F804D4F9BA109E,1,0.17629143438888212
0EBC1E15D49C6FDC128B00182526D3FD,3,1.0
095F2469757227C6165011D2A74B3D97,5,0.14955506186451523
411ECFB407AD7D9F41E985A4125B1AD4,9,1.0
38EDDCCD87D424FE2984DF0BECDE1CF9,2,0.22424382421757544
2AC5A082648482AD3499A492B8B44154,8,0.19715890569455896
44D2A9F1A124EE171D416DD7A6BBE4D3,3,0.17905223175104137
2D42199F030B8A5E2B1F7D253A0F913E,4,0.26160863368836795
901ACEF040F1F7D8DB894E32A63519BB,5,0.16929380759878143
FAA04BCDF36F81F907B579520B9702A0,3,0.6309297535714575
84CA444AEA109699CCB90C3BCC6F3C48,5,0.1572932473495469
1BA7B220C69064B33C7B7112AD2944C3,6,0.14746305199023912
802E3A42C7DF267037BD86BB7914E456,5,0.43067655807339306
15A0B383B11A60974AD23302487369E1,6,0.27894294565112987
6538528033F900A74936ACA5088F0155,1,0.15329048865267808
1AC1C393475EAC5E8D1EEC6100765A01,1,0.3010299956639812
7E30EF6BF01DD34C8F0A98D98C33CBC4,15,0.2242426824804238
C15ADB07150976080DB09E5C4EE89CFE,3,0.23660011001216935
9B6C323D2F58621AA771B53280035BCA,2,0.24531341639732426
B540AA74D92E4AF0EB7B42B2F08D0F0D,5,0.18316925091363362
23E4074DE28C05B60191F1356FCD733C,1,0.23137821315975915
18DD7ED84615D6BDCEDF9939751C0DAB,6,0.21274605355336318
034C755BE45A27F23741EFCB55222E6D,49,0.5569148049407076
63CFCCBB6F206876889116D32F13BAB8,2,0.19342640361727081
4253015B3D186796852FEC35BF070FC8,12,0.1918247304059654
4B76CF7F79EB95FC733E893CB1A9DEBF,5,0.14478295061395813
12FB5F0B6333E16D8B8E00AB85A6F034,1,0.2103099178571525
C5BA98D92B8AD946C2EE65101E0DADB5,1,1.0
0181CAD055F1A007BDCE6FFBF99C062C,6,0.6309297535714575
BAC8059B512351787A1C9D94CF6B0D57,7,1.0
5D7BC0155C803C9B9EF86BABE82710E9,14,0.3589513807823794
301C339524A1C4E211680D42B4E42772,5,0.21810429198553155
4808076020DC5AE18E1834BC904BBFED,1,0.1949590218937863
6E90C68A04D5B2574376CF471705E66B,23,0.7982030893556975
2096BAAAC85905270C2E3255EFC4E693,2,0.31546487678572877
8445F73A266710C143968DBD95591A3D,2,0.16794877895704194
8B65C3B6F6B917367122DADADC0E5838,8,0.21868597867985445
DC20C1CB1E2E2E4DC70132B0496452F0,10,0.20584683246043448
4102A3222262DED9DF86B1F5D8DE8B77,1,0.1605440854340214
2A597F1FC3F1C2B6C61E5DCFF134AD43,4,0.18790182470910757
EC92AB7296C1542929D3917BB85B0B29,1,0.25
21E0C0EA2D3E5772E0055C108E3A703A,3,0.28083036481095264
26C18D56A799565B74C06D320DAB38F1,2,0.1442847926987864
3A1B495EE415D4EF209852E8EB12FF70,27,0.2601392209248118
2EEF68149D9823049231A46B184F849D,5,0.3333333333333333
D64AB7D32B0389955343BEBBA578A521,1,0.31546487678572877
EAC700B252E0AE61B7AF78B83AC90CC3,2,0.2594799803881763
AE1EF49C481D297D1962801DBA7A39BE,2,0.16370565544521565
DB6FAECBC639E137D0148BFBC7C67B8F,8,0.3034536942468248
728127AC328BB179A5A4C014071AE1DD,4,0.38685280723454163
B2B4AC350A174280808082239B11F380,10,0.2610125530949883
6E0743C0F60FB2E5590D791682219988,3,0.1477501131786861
0A779648652E800B9088D31CD12B9DB4,38,0.35225887017524293
7F5B805EDFB4351B63BEDB75C31DFC2B,20,0.30284944138244974
350D68AAAF456D879EBE5C0D680F1682,3,0.3010299956639812
5E7213AEF6994EF8E5FB870E2EB904B6,19,0.5655940702151331
56312ADC22F943B5AFBFDC3828CA2293,6,0.5
DB8407AF4B3C8CEB7885AD21DA71B00A,5,0.1548123827357682
40AA280CDA8B37A2F702FCDB90631826,4,0.20801459767650948
7268AB47EEB8661734C1640D1FB665A0,2,0.3562071871080222
F3C44CC82F2B721EBB001BE3EC81B682,4,0.17144160057391347
4BE1385FBADE8D3B708BFCA919C95F26,2,0.1810425967800402
2EC1D9AB9D1A75D9202AD527235DC602,1,0.14355885269113103
1469BF83AFBFE2FB54541494BD29168B,3,0.19342640361727081
1FD37CD3A73751547E9201C856EED7CD,8,0.17905223175104137
48CE1219B8227FACF90CEBF116874D0A,19,0.31546487678572877
3E2C5AB3D7852B3B34E3897D11010EDB,4,0.19823986317056053
1AB73AE83173E15DCE554B9AD8034811,1,0.15019048322368797
54E38143AB9DDEB0F779D558E04306E1,2,0.14924393652741208
226B79DB16D7643C7C4482AD13D966CA,28,0.3810175354762589
4F99A5EB39B7025CDA9DD024121A8EDD,1,0.1854490234153689
37265408313EA985D1D4AEC461E0D480,2,0.17718382013555792
114F74DA3F68FBF9F2D848413DC3897A,4,0.17629143438888212
9C4B1737B06EF1569517BFD7AC5F6D91,90,0.6163269393247482
AA2D590C9272ED988D5E9B4B9B4B0A51,1,0.17144160057391347
63CC1734029EB22B84C6275338AE1CE6,1,0.15221034671324338
02807E1980410CF7E26005E0B1606AE7,1,1.0
DE712912FF4787F5EC13244857A823A3,13,0.3121192633991562
A6701DBE698BC89E1C524432EB02FBA9,1,0.38685280723454163
00D4F5F95E9EE2ADFBABB44FB3139836,12,0.45749452618986164
B5A6D2191C36CDF1315CA9991989E907,2,0.20584683246043448
78DF6E4A16776B4FC2E613B17B2ECF5B,3,0.15442266280111014
FA3DE73453865D97C877F5B4FA3F868B,22,0.3843815443056038
5C0C02296531E167413ED22787EC7925,1,0.1440400303421672
2DAC856C1E5D13746E251F7B963911CB,1,0.14987054163194743
3BAAF64939C469CF8F965506E1743D53,1,0.1729696904450771
D205DED15FFD67729B57193BB55A3374,8,0.17561195914654806
D6C45295768E99B77623ECAEF3F32D57,4,0.1905514124267734
1B3B6968F59DE16828CE7B40F03C0771,9,0.2103099178571525
94DBFCABF66A37381C405019E1586A9A,1,0.17629143438888212
00F67A0BE5E5405F092681EE73555638,5,0.7196909249470093
D66E287FBA1A6982288F25159A3C77B7,27,0.2088336771295971
68DF50127756256CD6F2203F7FBF9007,7,0.19823986317056053
11325745B27DECF21F4BA0ED461654BA,23,0.21599344736800594
1DE59ACEBD361CE3D7995AB3E498F9D9,2,0.1905514124267734
1EC09B5D84B6E638E066B651C4292D45,1,0.20421047162873854
F553E2B95BB73C8CF6015A3FD9EB27F0,1,0.148634337571835
7B3B5EE7661F5F979A6B982C86CB51E2,11,0.14608157963242446
9EEEDA246F86428A0ED05256F0B4ED0C,23,0.7374353373037403
DE5107DC5C238CDCD27E188A3FDF4883,2,0.227670248696953
90E91C0E0ACD2EDEA31DACDB2183E8F8,4,0.23981246656813146
A80BDCF496C661CC9661880086B5206C,1,0.18003132665669264
A9CD64302F9F1482E4AF9D120F5E4BEE,11,0.5005603553427709
4C72D5A6470FFD029890A82ED9E8CFD4,4,0.17905223175104137
F620240C88349682D291DD376D652D73,10,0.3333333333333333
2FB8AD3679C9874B21B49FC31164971D,6,0.21810429198553155
1BEE2678819AC80D462CF03CF9708684,3,0.14130649390055278
1F8B74B5A82994E9BC755A09DCD8C5DE,2,0.3010299956639812
CCE16B5CF19246F2971615F73EA400E5,1,1.0
FD6EDF250B45899AACD879DEB479F038,37,0.3949522361938692
D6A5A7E78FEC6A7E42A35E1D1BA4BD0D,2,0.1810425967800402
BD8EA7748C3F6F22EFC6EBB82182DCC4,12,0.3333333333333333
4791379874AE74D4C774C437F54A1E49,3,0.6309297535714575
28697563D52666CDEEA93B6FB973C3DD,6,1.0
5C9EDF69538662B71D6D8E0DD9B0D8E9,4,1.0
204E97E57EC15CDE32F42B8A6294350D,2,0.17542506358195453
3E0FB1F58C3CD4731FBE0D949CB67A4A,6,0.21810429198553155
38999603D224E76A7C45E18B5B2BEC7F,12,0.3563927473282559
048A7FDE56A354A1716BAB6CCBF18A12,14,0.1729696904450771
249343BEDA5B45BE49B258E8C37D3090,7,0.6309297535714575
885A2D3A5741A46D31D52BC101861B40,8,0.4865122123941117
2853CCF17F0288ED49D1393FA47BC754,3,0.20801459767650948
BA4F94B42918D69F0CB639EE17D251EA,14,0.25560304317273486
095D04BC1496237A8E668F09AC6D58EB,5,0.15773243839286438
ADF5A0749869F841F3AE595F57103AEE,1,1.0
E8B34C85FDF02A23ED317DB39768BD58,5,0.24682424994781843
4A41831678ACF75404F265DD3A7D34B9,6,0.15520856277015513
F150E7C6FF65E5B1A1EAD045A1D47730,1,0.31546487678572877
CE23A94C761AEC6E8EC8889FDCC56B98,1,0.21533827903669653
3E9F126CD6C3D5DDDD1ADF448C438D80,3,1.0
F299D260B248771457EE61AACF41E08B,29,0.33654995803071186
BF03CEB56037EE424522ECD6EA7F3F66,1,0.227670248696953
E38005A890B9A138AF99FA302F56B9D8,1,0.2
F9084F4C19052A8385F49E009169006F,1,0.27894294565112987
FA9F7D06E140EC4CE98626FDCB51032E,4,1.0
2816CA914A430A3549118174AF1006A7,9,0.21810429198553155
C9C07E888AF6E4D52836B563AF4D376A,5,0.3336189131540607
2D94FF998155F52FE6D69CB78735601B,24,0.3562071871080222
1227446B1BA22FDBCB7984BB38A5B6AB,2,0.31546487678572877
06114F3734EDEB2BBE83A5FAB08D9E43,1,0.19823986317056053
4CA33DFF4E5A30215B17B98869763672,16,0.20624656237123232
A60A86CDFE3E058C35C674839C1B8785,1,0.15221034671324338
C848C0BC240FA82E061E37CB1C0FD315,4,0.15256487060115928
5AC36713A7766652B5040EC3EE462DA3,9,0.2559580248098155
C52FD9F13CFFC1C41D42E857C2FA7299,1,0.19342640361727081
B1B0656F7A63883C3E224CE9CD3436D0,1,0.2890648263178879
0BA3E65B81C038AFE15DCC5BF20B7D5D,28,0.46956431353544736
02B4BDA27CA1FEC2A3D09B72DA962DFB,3,0.14555268036201674
DDC30FF1A3C6808E074C5B88A6BF7536,5,0.19823986317056053
26FD15B8B6A749FDEC67002A6ECF1DF9,2,0.20584683246043448
D7ADD1C6DFA6EA2C3E434A7B45614A05,29,0.28676689557381124
E21A55DC9E0A4FE6BA4D164FB90D45AE,4,0.23981246656813146
EAF53722BEE0366764F3C5BD893D56F8,3,0.6309297535714575
E8E14A2E667ACC1D220A1794C2E28889,1,1.0
CB060C1025F18B5967D0AF5BD0FF8BE2,3,0.6309297535714575
628842FF22542D2875BC8541D6DFA3E2,4,0.6309297535714575
380A0346A341E91C7B29A7373B66A624,8,0.619976740621653
093D39FFADCBD13907C3CB400B58B6FF,8,0.23981246656813146
7EFE7AC3B073886F5F53F1E6FDCE6A7A,68,0.42634610803012885
F85AE5526E0F9175A5DB18B76853597A,6,0.14195685009331532
CF95E8F4106AC1287E464E77E5546A1F,7,0.23540891336663824
A66EA59511098D9A0245A6485FD56EF0,3,0.22424382421757544
A14E08FFB0BC9F6E27A736FF90531BDF,1,0.1729696904450771
FACAE43E94D635057DC8F0E6B3D0C4FF,10,0.8315546295836225
ECE3EA1A850DE03EE7269D4C0DC41C5D,16,0.45091391076545045
310643500E8EAA74B5B071B7DC7AB5C0,13,0.38685280723454163
7578ABE193CE89B0553857FC30E9EB08,1,0.148634337571835
D4EA999548270839C07D909FD6445554,26,0.1548123827357682
A7D9919D40FD8387273946050769DEC5,12,0.3562071871080222
37DAA7D02FA7243CC3B7D15C589386EB,10,0.3010299956639812
35D4036E894D42BDF8671AAFB2A58622,7,0.14308844150498737
24F64AA72C0B74F7334F20FC7D360B09,2,1.0
D2B3F3989544BC90D72F48BB70C836AC,22,0.33311146839956646
2F61FCCA2F29BAD18A3A940BE82D28A3,1,0.14924393652741208
B9DC31A20DB6869BE029B1C5354D76F7,19,0.23907940132361893
6A539D9C676F551B598D41AE9173D7F0,1,0.17905223175104137
6E5CE5EFC964280E7509C8EA40A62FE4,3,0.16929380759878143
6568C26A662F836A665FE44ED339C096,4,1.0
B21AC27EDFBA7DCCD027AF62CCEBD0E8,1,0.16730017881017412
59A0F92151F3F3774DC9FADD2C22AC62,7,0.19823986317056053
834CF2094A303E998FA9634AFE49CB3C,5,0.16794877895704194
19FF57CE11F8A0E993BB3624EB27DD78,8,0.27023815442731974
7A4E78DC3404693F192CE7F9BAE82BBB,1,0.29051138594530157
A9AD64A7B5967F7BADD84801AE339360,1,1.0
2E2F40CA31FAE84F7B818AFB65D20DFE,13,1.0
AF504E6A71A7B95CF5D242EB162465CE,6,0.14026655943145866
AE1E09A262BBFE7CD851997A2AE55D46,1,0.3333333333333333
7EBE7958581085DEB1872DE0B46989B1,12,0.2890648263178879
4751FCD4F807388895DD130225DEC884,19,0.14217828215101067
0390CDC495BBA22F367227D64BC8D4D9,2,0.1949590218937863
958491D184777D8EC04E1EDF1C1184DA,1,1.0
6F5E72BA18E914EDAB1A68D7CA30C4BE,2,0.1515171524096389
10607252F4FEA6DC21172BB88E64A1F4,4,1.0
66B78218C85C9ECC817FB24CA1FE8993,4,0.19342640361727081
11B7216FD79722AC18FFB01BD71F20AC,2,0.14581551052860536
AB823767DF9B7BC41F582D031DE49E50,9,0.3856183381698286
02B99CC4F456AFC79FB57E88DA5BC887,2,0.14529302083924284
7DC068E9417026B030D8A63FBD04F6AE,1,0.1854490234153689
B203AAE80A2590265BDC0799A4A0B090,1,0.16544255391905832
4E3BEB38E44394428A6B75FB29257583,3,1.0
A741A872CD103603190B93EC9EECCD24,18,0.43067655807339306
794CAA2FFA1F87405625B9F5677DCC3A,7,0.1905514124267734
5F9230733D363EFE9CDEB11021B7DAF2,3,0.15773243839286438
2C4CDB7C855615ED208F6CAEEE933454,2,0.21022189466244287
78FF259559B3ED1089D7BEF6AC47C674,6,0.3034536942468248
94BC2642D13D7C682DB41D987B7C4C53,7,0.42208426720981473
4AB05563B9A5939D7E85D94EA0468590,8,0.16260831227163416
6CFE1E868525218ADF9AB187AC5FDB0C,5,0.38685280723454163
55A20ED089DF8AC1C3CCAE82E341A0C5,6,0.2
1B7F3DDA8C445B16C057D4670C6A2857,2,0.23540891336663824
989EE36925FFF90AAA9C797D0672093B,1,0.6309297535714575
E923C40057FC6F0614D0A08DA57BBC1D,23,0.25795836651965515
9D61EA1FD5742DD64229D42F63B2A461,3,0.43067655807339306
6530FA181AACF9C906C08D5CCCEFB39E,8,0.2530740840612662
048219140CBFDB119D134B95A6A6653A,1,0.17542506358195453
A1E00FB60DFC7EBC7B85A680ED444CC3,24,0.6842152329202141
2F0EA6EBF0183B65D601D6ADD699A33D,2,0.26264953503719357
6F4F8D785E667FE9014B1510D03B9983,7,0.24650657662028605
2C3CD68D1562856BB876B26A34390591,2,0.14047032975614
BC08BB1A0419B4B2FC9BBCC518AF4F92,1,0.20746936404896435
EFD116BC49698D092AE7485DDAB9E411,3,0.25
4BF8B9EF6D69389ABFBC39F0598C73EC,5,0.3333333333333333
EEAB5FF0FBEE92C1CC9100C323DC4813,15,0.2037950470905062
CE84FA699581C8F05A103BA92C6250E5,1,0.18316925091363362
1E505CE3290AFFD20AB67BDAC87E0E0D,3,0.21218702621525795
BE09BE785EACF72CD5FD60F1615C8D67,1,0.1729696904450771
4ECEE6320C73C8C1852507AE9D10A5BD,1,0.43067655807339306
89ECB1180F0D6044022CE187FC0F9E83,13,0.22106472945750374
C5177173B0B0F48ACD267249E97F9573,1,0.5
98E1A637FD55189679779CF83946F893,9,0.2537646584542634
3E22BE2FEB34C73033D4E2F45E8FA563,2,0.15957141566993818
FDD5C3C8DAA5EC6C9DAADCCD35C2C6CE,10,0.23981246656813146
A2FEC9A43D14AA47CECA053F0CF76A54,2,0.6309297535714575
93030DA6B99FCEEA72F8BA0214DE711F,1,0.38685280723454163
2191E9A45FB08950587E82D9521CCCE6,1,0.20584683246043448
4C5B96FA0DCE31E4A81BA67C5E112829,8,0.227670248696953
BC2E12738DE406437333A28C6BD86E94,3,0.15329048865267808
FD20B77227EAE78745A6419015C98A34,3,0.18316925091363362
F8F2F4F4117E75B30C202420C3780FEB,2,0.15957141566993818
ED15E09DABBC16AAD9DDD88A0D6A8B97,3,0.20801459767650948
7B724C1861C1168C2EA20A12D0AB3085,6,0.2890648263178879
A7CDC250A6250AAE35D148D95690D503,1,0.14109421416360957
47E5270E59D29D49580FB95558338077,3,0.15256487060115928
64A3BD43CCE70B3AD77D47B0AEA182E6,1,0.26264953503719357
3C1D0110E8F7D9FE1B8034233436A328,19,0.26661458129017024
07B18E4A42CEC31D15C03A3432B3CA86,7,0.17718382013555792
FB729E4027F00682820C61A10019E3D9,6,0.17144160057391347
28EE5A5FAF7653A4FC0F75708D43E503,1,0.15909880786929415
4A2DF8C193704C2ADF58C2AFDBB8156D,20,0.3191081886500419
7F0066F8E7A41D7AA4C9309D1ED9CBC3,11,0.15957141566993818
E6878500A65E98E5DC967FF4921EF6CA,1,0.16370565544521565
77A77C4CF36042C801AF05101F7B32FF,9,0.16929380759878143
F54AAE3726E301B67468B80C2E61DACB,2,0.16427204996205025
1CA466FDB1945B33E8D86566464B3612,2,0.227670248696953
CDC9371D8436439979364D5490AADF23,8,0.227670248696953
28AE7FE9C58D6BF1A5D5F34792B11CCC,12,0.5
EF82E54C81B5087B29D0EF97FACA4BCB,8,0.2501730051726797
33EBA95A813F17F438BD9A18C7AFD95D,4,0.17542506358195453
BFE113765B598E8BF5D0CD9FD759A568,3,0.20801459767650948
81126E7F11591765CF5A4760F8D6D645,2,0.26264953503719357
CFCA7DFC8E37D14A37154EE837248B83,1,0.13986508659473787
548F13EB4F5718256574F4304CF9AA85,1,0.6309297535714575
7A30E85736CA170C4D53ED3170ACA23E,19,0.29962699075408133
EFBF33E2DB0C3CCD39D94009B244EF29,5,0.2170231244785108
F5EB0F849F172543405BEB45A8383D82,1,0.6309297535714575
1ABA909B300B55AB206D327274DF67CA,5,0.1729696904450771
3BBECCA57F671EC28D5BDC0E0F419B26,22,0.7977228895450266
27F29ACD4F89F7D76A791E800404EE55,2,0.3333333333333333
9B4DF6BE12C2728EDE63D3479C666542,1,0.2127910502031688
BB5F7B2C5262DE63690A25B5DFBEFDB4,1,0.31546487678572877
10A2BDB1B05642DA1E5E8104CDBC0D71,2,0.227670248696953
50D4E61B8D47053213D30C76D53B2482,1,1.0
B0212887AA784689B78C04EE381F7424,4,0.23221225593002603
686F03EFC676FE96213E349AD872528D,1,0.1949590218937863
DD63EF2DFB20FB24A927F772E784556C,10,0.28253182937219873
E0088C9E8C10674FE33F1213F386F2EF,2,0.19342640361727081
44F3056D5315A926544924E075657E92,1,0.22424382421757544
C4A9CD5127A86D18FC99702AD33DD1DF,1,0.2559580248098155
888210308EE95CA0D6929F122870125C,3,0.2
4E3D62F48D63BDFC1D1980A8E85A4E6B,14,0.2505660979679957
089413D207640AFB50309A0EC7C5B122,1,0.14804095548293264
0874C03A615B28CCA631275D03E653D9,16,0.15256487060115928
D2B6B7CA448A1DF2C1EA615849D8D85C,1,1.0
8C6D51513BFA0456A3BB8759A0E3DBB5,49,0.46064349012285755
00D13E01321C2D3268301F69BD9E8DCA,1,0.14746305199023912
4A86F2F11E392D163198D1292AC7ADB4,8,0.24465054211822604
67CAA9DC64AF4E3176DE23270B06D2F9,14,0.1477501131786861
A0A3BD40C725F7FB4AD7D717538D8E45,2,0.43067655807339306
D5FD77AA87CD732BB747B0DD5D288FD5,2,0.15019048322368797
B9C9645203A051E4F3E52E23C3C5A033,1,0.18665241123894338
3CB284174AFDB6C5042F14BA0EE624C3,1,0.14130649390055278
900B24E1C4460961BA33850D5C69D5B2,2,0.15817959093978226
210CB254407451EF8528BD92A2B26773,34,0.7342838087987136
65249B2F7A2635621E7CD083A5C4B3C6,2,0.19342640361727081
5203FB4E36B4D2BB405C9CCB47D11914,7,0.21810429198553155
8036C2821F59EC2ABABAA1862429C6BD,13,0.26387640427337933
148F9F3BDC01580F84D2890214E53E07,2,0.14047032975614
758432F66C4CC24E71040DA1C0B3816D,1,0.20296917211299104
AFBAD36AC4498B0C88D01ED825794EB5,2,0.6309297535714575
870F810AADEFBEB8706BB4CE99FCEAB3,2,0.35739546936967315
0BC1ACB52540876AF17B9A4C025C9CF3,6,1.0
E02D7991F230C6118B7E471EADAFB9D4,3,0.3249036105974377
B0DE45A784BDE032D81A36DC660E2D6C,5,0.2754882270632702
0E9C051A7A5DA2E3D46E05FAF63D7122,7,0.16666666666666666
4B829E251A9493827BB29FD39CF137BA,9,0.5
0BE85422F89C824052CC117A89C8CE3A,20,0.34637146537641333
7A42B36CB5EFE2C890C76F3952ED3BEE,13,0.24699416524585385
AFB1E4AE63F2DD1F9FFCEB3022C80EFA,4,0.2890648263178879
FDEEC32E686301940280A24FA83E5720,21,0.29880884624392406
830B22F1F8DFE65CEE77C1BD5C0A35C4,3,0.3418768689024834
154CA5540843618207DCD35F82FA8F10,2,0.6309297535714575
892D20575995528742C75792F36F5D1C,8,0.33364162582263374
BC736C8F4DC8AE455CDA3D2D7BF798C8,1,0.38685280723454163
CC50E25DD2606C4D09CAA20B21654374,1,0.1905514124267734
A05F500F6D5F30A30528F4090FADF187,24,0.8223099396186422
83693A4DB7C92B95E86D569733204110,2,0.3333333333333333
D6F888F1D170C51A1056C4E7D9DD4693,11,0.41311732856428
440907EE8D5A23D2D81931E950EEE7C6,9,0.7235328953148507
8711D29CB01CF984D57EF946DB913E42,1,0.19342640361727081
07AB4B146C2385FC19C8FCD309EF3BE4,10,0.43067655807339306
01E7D45A487F433B3DBD570FAD118802,8,0.3333333333333333
26E4145D209A6FED3C5C7187DDCD518A,2,0.25
4F226C34859F87E92E150F4B4D7C8FB2,2,1.0
555DC97488C42340C1F50A13B8D4D206,1,0.20801459767650948
52B699C6969FAFC405E6326956C39D6F,1,1.0
1BC833C7BF34663D5AD5F4E1EC9447B3,3,0.5
6CC6587FBE47DFF132535D21BBCD4B48,4,0.3562071871080222
57BBC9FCD466ABEA47D042823D65834E,7,0.5106160080346281
0EFCFE88A5AA7FC817044EDAEEC961B7,1,1.0
055C416D3670F4616102D3B144A78342,1,0.7003234073385659
B87372EDA983678976E6554BFEBCEFB3,8,0.18208790046993825
9F945A6007DDA543216898A561ADE5F8,1,0.2559580248098155
E23BEF8282CDE10A2DE7F4EACBA2D65F,3,0.148634337571835
ECAC0AD9C7EA776ADA5FB40F0FF776FA,8,0.32283433442419684
5BACEC50F63CB873C21191AEEE064B96,1,0.17144160057391347
8E0B9F8E8AD1D9DC5BA0F32D4FDF83FA,8,0.31202526000191894
336B954753183359DA371D8FB2456EE9,6,0.3010299956639812
84E4A976EA84F213C50318C6C0639ED1,2,0.14987054163194743
257A0FAC60ECDD498657A8E262151E6A,1,0.16544255391905832
F880425D71B956B3EF661B03E2FE335F,13,0.17376534287144002
25B373FD3D223B83F1CCC51CFFD5EC15,9,0.1548123827357682
3466BFEFEE867A7D08D5B3B5820F63B7,2,0.14026655943145866
FC3D1524AF0376BAF2B8A5773668AC59,13,0.24963444001192153
B74D3A680EC3427F936170CDA1A2201E,4,0.1505149978319906
688DB2932E777FDDD5381A08BD8ABB95,3,0.21533827903669653
9AAFD09102274D94069202B586FED038,3,0.17144160057391347
456BB3597C9246A90ECB60D0013F4142,5,0.17376534287144002
3E8231B1C623C4A74EC497801483898C,3,0.5
F069199D29021CE4604664EACA5E7EE0,6,1.0
46C876010BC1D64665E9F1F9C19DC6A9,1,0.22106472945750374
51D8BA5A90948553F1C398334CAA84E4,1,0.20584683246043448
B5D638CDA3F8D60A056CD99DF22D4366,3,0.6309297535714575
48F191AE26A5C4DAB2D660A1B8E17148,1,0.14581551052860536
04CDB3EEB8DF74181FBE032EE4DC6C0D,3,0.17629143438888212
5FA3967CFA7FEC86C60701A1114F541A,1,0.14217828215101067
730F875C0E0A5C7A9B6A343E34CE2B6F,8,0.38685280723454163
D3CFAF3A6A28B45009E346F72AD688B5,1,0.43067655807339306
4BE40C8B9102638B8FAE80E4ADB485F6,6,0.24565125399465984
26643512C399C9C663D821EF05406873,2,1.0
01D702AEDBBAB5084E13640254F2C367,16,0.327973028445648
6A4EF9CDD6D11EC086EB440B74E5F250,2,0.14453241315894394
A768B8435F41A76CFC37D1DD7AF006BF,3,0.38944052088588227
603623E031AD35A2EC70D8020CF7A595,13,0.16104477175644444
C26C55669BA03DCBA511B9E6FA57181E,3,0.19342640361727081
EE7C3ABD2955DC6EFC118C0E12F4345B,3,0.24465054211822604
650076339A94476D80579A784BAFFE07,1,0.6309297535714575
774DE7987069E2CEF3F55250B9E08659,2,0.25
28505DC45B5A92ACE3131094578B6591,7,0.227670248696953
5365BF08F12261FDD8E57E952316D32C,4,0.2
CBE35CD43B28972A572FBB37D226C28B,1,0.1949590218937863
61910CF2B24587CB8B151E62CF13CA92,5,0.26527270740919245
4154AD3CEF7A3836B63678884DD7F9E2,2,0.17219543379409813
FD5D48E45744FF1460116F03EAB9F3D0,2,0.17458343004804494
7F88B58CF71F23BE21B2FB5C16997C58,1,0.14804095548293264
73FF65AB59BE6F6835ED246EA17E776A,3,0.2559580248098155
8C544D9CFE99173170F33C4842CC7520,3,0.43067655807339306
39D603A1A54932D4A793E82B97C1F745,1,0.14581551052860536
92FB7082F1942FCA7247C08EE11B5A4C,2,0.16485085672216038
53DB99A2857FDFC8F2A77D78E8BE98D3,7,0.25311930128520355
FA1545126A991CEAF7E5E6BF314FC389,13,0.6434886457847293
3676896AA5519C9AD0BA8611EDA2AC42,1,0.1515171524096389
43CF648CEF59EC9643B0771027474BB0,6,0.31546487678572877
D07E456207B5F7C1CFE3A6599556750E,1,0.2866357145311606
2365AB7DC20E15BD078AFFC4D9051790,3,0.1442847926987864
923638E8116CDC4E5FC5D2C52CC40982,2,0.22106472945750374
D1FAFBA71B3D49D93AC67479CDE62240,2,0.6309297535714575
D1E9D1760A7B93CE02D74E6AAA542962,1,0.3333333333333333
D9FE1DC9E50EE35018D6B4DD2B9A251C,9,1.0
1B61BBDD25FEDBE3CE6C1A27BC86DB3B,6,0.14006482349398794
51FBF839112FCBD2E9024684CF182B4F,27,0.7550160946314525
4F4B6F574E1F90D9CD818EA31AB64903,2,0.6309297535714575
082C6C42CFBF4D419A7333AC4472B5BD,2,0.3010299956639812
BBD59E51CE829E2E36D9C2EA7D09FBDB,10,0.15186115333086322
83C3A5E2AD089EAD4D948526C5A8450B,6,0.21274605355336318
C09122D1FC5043A6F97C7317445F5BE3,2,0.3053831394719294
0FAF4FEE815CD7277682AE8EF817F809,7,0.14006482349398794
C85D77B22B64A80998D6590E249E7025,1,0.3562071871080222
3BDAA3B473CFFB8FC07A47F10C6F86F7,3,0.3333333333333333
3FA992A3BF95AFE39056CA3131CEDADB,1,0.19240421526890442
29CA6BCDCF369730B1D7D0510FA8BD53,4,0.20184908658209985
7847227CF931B36F825A35F9D98A53CC,3,0.5802792108518124
F2C7F95044FC0C39E9796B38A7B042B9,2,0.27023815442731974
E2563656AB257E184EF41C30BA3EFFE9,3,0.13986508659473787
451ABED5700335EAE6C87E50FAF6B015,6,0.28357731326021046
B31C992B10770B605D94F4F0A11F1417,4,0.2291457756056155
21F5690DBE7E6746019D07545482D08A,1,0.5
DED57CC4E111D972923824914BBACC59,2,0.15957141566993818
958A199CCAB199B849895DB0B60E83FE,1,0.3562071871080222
EC3CC67FB8113937A6F88BFB63E7E64C,1,0.14955506186451523
C2A2113A73891A48CD6274BED2C2DBF3,1,0.19342640361727081
A54B9F6C6AC8130672CD6137F71830EB,7,0.2103099178571525
FA20E162BB1BC1B63DD3DB881372186C,1,0.21810429198553155
766D076EE8FB45B268EAE2481E28E7F7,7,0.16260831227163416
8DDB2E888F6948696B10B24F708A3FF5,12,0.2669739658867978
4D9103A7A0EE679E6C579D98A29ECF6C,12,0.16666666666666666
C35E6E0EC7F5A5A8538B48AEA82F51DD,5,0.16794877895704194
E49FF61B7CD8B2E43FB20AAF112926C9,3,0.6309297535714575
D3386905D039A51B2974218E5A0F89EA,13,0.35718136242753445
0BA57252FC44DDF20109C0A1EF4B63C6,35,0.5841748496717066
8B9A19694BE4DD94ABC16310EE0EC3E0,1,0.21274605355336318
F436924376AD20DD102F74E19A0DEB3E,2,0.20184908658209985
BFB9EAE6F1D06090A129A2DCF350A3C6,4,0.227670248696953
0DB7C0D37E24C851A1089600AD77C38F,8,0.14804095548293264
8FA47AD8250199ACF00073BA5EDDB59C,1,1.0
FC0D6F4A12CAB5295179B9FB278FB9FF,3,0.16999161628691403
09E8B940DD025E3E2DC994BC2D676228,2,0.14240211088697471
C336E212CDFC5740D4C61CB7020A60FF,9,0.15117821092177644
234A08D5D3F92C514DAFC2095E2A92AD,20,0.20978762542555004
2741EE32B83D0C14121A83BDF6F70427,1,0.21810429198553155
0EEEE783E0A7294897BF61249396D56A,3,0.32709963413300314
9B6CAEF40AD461572D81E7D61885465A,2,0.15817959093978226
46884555C41D100A6039D62502FF61A8,2,0.27894294565112987
786E09EC2CA453DD0EC62D06F526319A,4,0.5
EB8B2391C7F20A0667818D09372DC3D9,1,0.5
841DF7A9B8EA91FE5336BDAAFD4E9ACE,3,0.31546487678572877
E77E28805CB5493F74BA927F84C9D8BA,5,0.3562071871080222
D800E8CDCA4D6F5629E4E25E2CCDDC2D,1,0.38685280723454163
70A943047699D0E3A51DF469DF5E3D77,2,0.5
799A2E1A85BC0A7DEB832438E2EA477D,1,0.1729696904450771
0906402FBD6E65E758DF818675C6045B,4,0.15773243839286438
51959B5291EDC6F74FACD4070497AC2D,2,0.1417377701235801
D28548E36D874A7F191338A1EEA4B1E2,2,0.19342640361727081
2C727E8B3F86B12414A1BD2BF069993E,10,0.3564754811971522
8BFA2BAAABC35909888A23E60FE05DA6,8,0.25480685020064703
E4DCBC6B722ED49CD434255330ECD704,2,0.1854490234153689
06641B12C2A1B371B1B846269714DD52,3,0.19342640361727081
DE8B6EF6CF27BA76563D0EFEA14886B5,12,0.1814224050443068
3F427A0BA4BE6F51067265C2FB31BC6E,9,0.5478956323237497
6C1AE147FDBF61DC0EB44BB3AB2EDA12,1,0.27894294565112987
B8A6BF4EAC29C85A4A0D9D233BA08562,6,0.20584683246043448
93D93F5269FD1291889A0DE8DED71BF2,7,0.3562071871080222
1755454FF03A18302730DFB7D2F9BDDB,1,0.26264953503719357
F6B514DBC0C6103A208BCA7EF4C3E0A5,3,0.31546487678572877
27DDCCEF90DFCE7C59A094E9E35BB7E8,1,0.6309297535714575
61654DB29FEEE8071361367FD6A452BB,4,0.18665241123894338
5B3154822096646B97D3DDF444000C75,1,0.21810429198553155
01695A1139857BDDDB5E8CDA0B65A3A2,1,0.26264953503719357
EA1D8DC7A2B7FB940B1389556B42334B,2,0.22424382421757544
46100FB1ECA723E86C1A3CD6F3AC19B0,18,0.16544255391905832
2E8A0EBBEEBD7B0F2AFDDCCF5BC4A491,1,0.17144160057391347
61B4EA54287A152F5B3CB2375B312D64,2,0.16794877895704194
40F10BC65398D1079D7634EDBE38F61A,1,0.17458343004804494
C976FA942A4A42E6719E7A04DE2CEDF5,3,0.14240211088697471
C189954B5F65158C21FFF899EC50A958,2,0.22106472945750374
A60FA166AFB78C9FD35B39C0D8B185B7,1,0.148634337571835
3826AD841A963CBA99982771E2E0EA4B,11,0.21274605355336318
EBE3CF04EB7ED5D1DDC0B38DC4DCD3DC,4,0.18316925091363362
8DB797F3A75ADCF166989CC0644D09FA,4,0.19823986317056053
E1B505B6D925427678A48D90FB2D378F,8,0.19195872000656014
BA34F84AF0816EB1D49384FC5E7C4DF7,1,0.16604764621593782
934F167BAEC93BA8DFEBB30F0A9E6DFF,4,0.27023815442731974
F97DDA43F44D1151F86AAA37A2BF3617,2,1.0
B1FD78F8C0E7DD289C93DB7182D45838,1,0.14453241315894394
EB0708D08037F6928F4F2BE2838FBA02,4,0.27650676571088484
BE1CB3FBA1EF9AEE79326F3F43382086,2,0.18003132665669264
CBF4D3FC44FC937087D42B94A3E76456,8,0.16370565544521565
7757307A42C6BBB8896E95179BC6F2CA,1,0.16370565544521565
B10ACC355522C70F8AA930B4F78F1C2A,1,0.14804095548293264
525DEF97859491E650E22C76814830ED,3,1.0
2F5FBEBACD695F4A3F05E73275AD8606,2,0.2103099178571525
339BFEFD2942444EF0FCBBD80B0BA13A,1,0.14332232775009315
EF59B84B20913347D6EE248AE5240F22,5,0.18790182470910757
9F4EC684A0806DBE6758CB0FB6D4E81A,5,0.43067655807339306
2DD3ADAF660A25A91F138F082385B2FE,1,0.15019048322368797
2056262D7E894E28F465192229EB819E,11,0.1889754923943568
A5950BA21AECDFF36B526153E01487A3,13,0.19195872000656014
C3BDC9F0A316F759C688B3548A31775F,16,0.23679167974576215
CDCD39FE46276F784A84DBE3C4702A23,1,0.20584683246043448
65A6C57781B97A5BCBDB23BF40844311,1,0.22424382421757544
F43B4F96B495CD1EC07E7FE20AA8521B,3,0.1572932473495469
DAC9346B656F14F467F0E35A81DF8204,13,0.709326549672732
A1C2F97A1DEEA8391C495E9F7DE9CE3B,1,1.0
0C10237B5CBE5531485342D36394FD3D,4,0.2
2561D480D42F69BE5521D90FAE5305BD,1,0.31546487678572877
08A39CB4C04A4ECDFAF87594E8C9A131,2,0.18316925091363362
A54693793BA8B9AFA0EB559B4F641D9D,3,0.14047032975614
5D013164937D475AC7674ABF4D856D33,1,0.38685280723454163
0470C1795EF410EC3270BE1BF8F10B6B,1,0.27894294565112987
73FD28EB47C723A3380BB1D3DF0E7525,5,0.17542506358195453
594E836C57C40DA06B8B200A2628F48E,15,0.1572932473495469
08F0F62C9CC348649FDA643A631924F7,1,1.0
E46BEFF72E839CF58DCAB5D77D836378,1,0.25
EE207FA67C525AFB360ED49819102099,2,0.2
D1FB8AC61E63EC51173D03688ABE6CF3,1,1.0
23D12AC65EC36AD249E6BFDEDA5DDB55,1,0.15442266280111014
5A8190B478A3921ECB793C0BEE2D0718,4,0.33641645887478155
3316DF40A4BF0C2DA4E0A0AFC64E8E3D,8,0.17144160057391347
DA0503D552FDCC6F5589C2BC16CB4ED6,8,0.22106472945750374
7325FF40BB3FEBDAE86EAD76D1CA2DCA,1,0.20584683246043448
037BCC416FD48D4A6A2610E74B7D3F12,4,0.24724553762219198
558461652F8A9A3A003F2CFE272817AF,14,0.7416720371362534
09209F198CBA2B7E3DB3B3853CE7992D,1,0.18790182470910757
62D0737371DD6665DE264D88F1BD87BC,1,0.43067655807339306
2FDFA0EEA93828602791B98A5B4780E2,8,0.21810429198553155
B5009B5E469FE4DD3D19F56233000BFD,6,0.14109421416360957
329346219A197F72EEAB5EFD55500690,6,0.18920035951687003
2D2CA6743EFF6626595FAA780CC19035,4,0.14217828215101067
7EFDB3508A204A635D87E1DA7B61B608,3,0.19823986317056053
427BFC8BC77C351C6CB310606E70B296,4,0.19962027477352404
F55DA0F203BFE11C32A9102216D136D9,5,0.26264953503719357
B554DA843D5B4C6C452F0B5A545EEB63,2,0.3333333333333333
1C63DE0704F6E2C058E637D0D7D68B38,4,0.19823986317056053
5C0C14E0CA7F15DD13473F2BE1492992,1,0.21490430937165333
DF779E4719C67EDA61F4F43B1F8106F3,24,0.49974554056545517
5473E64FC45DE10C331F32DCEBF5CBBE,2,0.21274605355336318
C7CD76468CB471239B028FFBD7FCB825,9,0.16604764621593782
49B3733C392505E691FFBBC1E5B59EF6,1,0.14608157963242446
48333E418806429713B849A7F1560E0C,8,0.14478295061395813
AB53701283BFF12FA67C0C034DB2AB56,7,0.5525485729997712
774F560625A3FA7377C73611DCDD7D22,2,0.26887384963135075
D13CB2CAF36E61FCF4207CE0F5941CAE,2,0.41183384043543503
CA611A0D5BBA48DE49C9B32072C3DC35,1,1.0
AD583032ED4D3867D2EF7793D9AAD9BA,1,0.18920035951687003
3F7C3F2C66564D267D5A286877DB44F3,12,0.23398397895253667
7129818941AD2E91A2EF116B4E78B9EB,12,0.20801459767650948
98C90F3CD3107C348721C8ED73430041,5,0.29680671932705566
E459DD1E60C9E05089E0B65B1462C368,25,0.7104137724990198
BB7E7C7742B757C902516BF4ED55D190,2,0.15643778834207153
3DB282EC5B935AA90A34768F96090BA5,1,0.1572932473495469
DFC5AB6CD742629038717A9A3A7857B7,13,0.48061826093845056
46436F862ED4BABCF04C6A91B73463E3,1,0.43067655807339306
43A30DC2884E9A9AFE7717220190D949,1,0.22106472945750374
907080124BFA00E7420644858BF04A3B,2,0.15256487060115928
75B683DA8840605A6414E5F13B3AF500,14,0.2822795886976003
9D13EF626A7955F3396D66899D9B59A7,4,0.20992758395122812
C8DD801A69F029F1941F2B4F561B2F77,4,0.16730017881017412
11D97F9107F2B686E9C573F3708B202B,10,0.38685280723454163
C83DC544C4262F85308C7F88B9389F51,2,0.1998343838661201
F5268183D5B10F2AE6FC04CB70816ECE,1,0.6309297535714575
07F08F7E23B917EC1411A12D316BCF6A,1,0.27023815442731974
0BA5D67C7E4825DD49983F9FD3223B2E,1,0.16005307325482135
9E3EC6E4B369E5ED0DB64868CD4237BC,3,1.0
C8A922C4D50C7DE9894DF4E8A4CD8233,18,0.719126571983619
D86EE13092642016C959C5363F9E6B32,1,1.0
467B173BAF67C3155094BF214DC4397F,8,0.2890648263178879
3D3E795B1B918E20B388B628B9C1EE92,1,0.20584683246043448
05A93D52356DCD443994250BFC7A03B4,6,0.1905514124267734
D0F334742B0957D6B0B963F9F84ABA4D,5,0.16104477175644444
62617BD12E26985E70AEA3F70B09F8DF,1,0.3333333333333333
7B51E83DD7AE2FB402469F238A8C3766,2,0.18428883314870617
4B7AD5FC903585179F888CC5BB58A338,9,0.1810425967800402
B02E9F7C509676F68D1BF5FAF2391CB3,4,0.1605440854340214
08BC1D573B1AE907C402CB06F98B3AF4,2,0.17629143438888212
673E91FC241B986E38BB8EA362B4B48C,2,0.23981246656813146
6FCE090630DE17D73BA9F43D818F803E,1,0.18003132665669264
BB91A308501DECF977504EBA96440DE5,3,1.0
731E7EA59A1BB19E0CABD9D0ACC818FB,2,1.0
6E539B3E8E0EF990D9FBE190CE532D5F,4,0.23540891336663824
8CAF0597349DA8FBDBFB7C4360A97BAE,1,0.6309297535714575
8D61F638B1878334BE2D2BC526699F34,3,0.16005307325482135
F2ABB83E2A43DA830FFE757AA2777D04,6,0.17542506358195453
A0F4C7575712F3ECC97DB4FDF2520D45,1,0.14529302083924284
C36004D2E9B9439DA85385DF790EF164,1,0.31546487678572877
9C9552E93877D4D06FDCD90ABA564439,1,0.25
C0ECE6E7C1E2AE92B8F1A8DA7DBE3CE9,1,0.42920303493582085
ED7C883474D0FA0311DE923C3C9C9BBB,1,1.0
329A3D909C308B1232A4552A1B1F75D4,4,0.14109421416360957
E2E1B5AEFD2197F83EDF8404FF0E107B,3,0.16604764621593782
1DC390733230CB094DD580922BCFF6E7,10,0.19342640361727081
6C110C654240F4F6EFE5AC2875C456AE,1,0.14893706185882832
20EFC6428DFBEE39D6DEB1CC6C9F71C8,10,0.37507388255924135
42FFD1854E65C29BA62AC653DA11F761,25,0.23540891336663824
1C8386D7606F6FAF3CA3A4F42621D3F3,2,0.23137821315975915
E4F0F20C174CA5718DCFD29FDAF6805F,5,0.2644307980669592
E868C603E7343324DD3E9C2036A0E319,2,1.0
35837A3EAB19A10B10DA3EC18DA3355D,9,0.32332813064341986
D2BB649260F3BC0BC8C5040CBEAEA9DD,3,0.18413728925001638
7F6B681BCA1A07DCBC14A36B9119115B,3,0.3562071871080222
6BC87F905D7DDCBD43AAEAD42C4BFAA5,2,0.6309297535714575
4D9D2CAD595B343649C2E3E630289EDD,12,0.23981246656813146
47BB4EB3DF86140B770925FA818895B1,3,0.18790182470910757
8C04466E09B5AF1B7CDAEA42E41A24DB,1,0.31546487678572877
0C7B8A124A4ECD197FF039FCFFF20780,2,0.4789416804032336
E00A798821E5E2FE4817F0CE4019C4BD,3,0.15863495891559604
09E8AC6D5085C5930774A3D4EAADE5FE,6,0.15186115333086322
40514007D7ECE16040841C4D19286BF1,13,0.32508106780453955
FCC6B282A6AF3DFD95F08768CDD991C3,4,0.15520856277015513
B09EFEDA1F52C16FC4FD43F3BE9AE37E,2,0.6309297535714575
F0CE266F88331992A80735CA0AC9E345,5,0.23540891336663824
33221CF3F94E0CBFAAC207034DE2DCF2,1,1.0
AE23968B3A375CEB2E1AC2DB6D7AD08E,6,0.15329048865267808
FB612C088BED6844A322F25ACD1C2AAD,5,0.16485085672216038
C13205E4E649C50C4C411C64EBE8E5B9,3,0.1781035935540111
82D9E3385E84A50AF2A53FF1A679D439,2,0.3010299956639812
394F6B60D1922E1F1A4DCA5F591A246F,2,0.2890648263178879
46EF32AF7B81D8116817083C9EC9A09E,3,0.27023815442731974
0108A8064226ACE992934039132790A7,16,0.156861774859441
6BAE598B7B7A5A4A6D29DEAE99AF9ACA,2,1.0
C6A877C93689A888C516607D22BA8F08,1,0.1965616322328226
3C4E1123B84D875CA1D7EE833A1B619D,2,0.16427204996205025
FD04AB46485B7583795695CAA75977C9,15,0.427802061685234
C1A242DEEBD9D2F918797F674F5BD4E4,4,0.6309297535714575
019B6733EAF4F3F09154FEB0FEADC42A,6,0.14987054163194743
4F7A67B63D97DCDE36957A73F4D54F50,1,0.3562071871080222
D29BA88D93E1CB91486BCD40E81EEA88,3,0.26264953503719357
2867993A07F96D8F8B2084CEC8D63F43,2,0.14746305199023912
45B0C6991CC364E9D933E41817316D9D,4,0.31546487678572877
2054BA2644D373CEC4F7E024D5693AC7,11,0.6546245926482663
8F96206E9234DB1DAEDB756BBA49EA81,8,0.19823986317056053
9B00448ACE41891ED0C7035D4CFA534C,1,1.0
D2667994F95BA21190DD66E3EE8EDDE3,16,0.15773243839286438
56663ADBE61EEB1BBCAB69522D06EF18,2,0.6309297535714575
58A55637EB790F1F670C5EEC8E4C383B,9,0.2559580248098155
5CC7663400CD578CC0BD5CBFF4F53F77,3,0.26264953503719357
9BC9814C6197E26445F6400CDED0FC1C,1,0.16485085672216038
50553AFAACA365397C8155794522A46B,10,0.31546487678572877
DE7F4E2E6C8D28177235F3240A10A003,2,1.0
0209FCEE740C069E3B17162FDF84C7EB,10,0.3539526551044881
C98B20ECFE377B1F15A9FF397E395FCB,6,0.17718382013555792
779EBF9A75469FE8371731F428DC9D98,15,0.2721514207138265
F6580BF500D229C681DBB22B8A8AD9A6,4,0.14262838210336
B1EC664A9A493F2E0924D13B1BF3E042,12,0.27894294565112987
5E6EF4C7EE8CC2DAACBCE9EC1231B422,2,0.18003132665669264
39C9DF5B9B775D01786EFF5DAE08663F,3,0.1949590218937863
BBD009548D56E2C7524E1B86DD1A4547,5,0.26264953503719357
4776E4F6566B4BA0C9E246F7D9BE1ACD,8,0.22106472945750374
5A51F266FC0D2151FE14C855F054AE3C,4,0.15186115333086322
0FBE7475963F3F2D539820524CA4937F,9,0.23981246656813146
81FA9937EBE6B014B0E1E8DDE5EAC6E8,3,0.34046674428368096
18A12B9945030F1C19FD6D212CA038A6,1,1.0
3519515D48A70CAF60C0F63151E2DC6D,9,0.14240211088697471
8EDD5C6287E7D3F4A8B3651BE637E113,15,0.2908579527318322
D4C5F8F0CC5DFE00FFFB89E17E2B9625,3,0.8070380459557518
65D0607C28FE30531E4704A26CEED12D,2,0.14130649390055278
AC45DEFB00AECBB8F05B8A561F37B92D,2,0.3562071871080222
CA581A807BA7651F0EC0F6E835A45A9B,1,0.16999161628691403
2F42468FB55AD8732207C7F66A6482BA,2,0.38685280723454163
CACA16F849F44749124CD6DB69ABB720,10,0.3213650095298533
36A614C5E7EA33211F74826F8F8D600A,1,0.25
4BDC7F025CB1B08E81F1F682A82A6594,5,0.1515171524096389
C329741B72E64A4D183AD3990235811E,10,0.19195872000656014
ECBF02EF082017D9B588D94ABF5A6A36,2,0.24465054211822604
C5B52FB56E6BFB94BF1B61C3682F1C4B,6,0.2037950470905062
E2C38D5BB678AF9BBF476ED34818EB9A,19,0.14503646569481302
C95D46C2C9E43EEBAA3775375947A351,1,0.21810429198553155
10717BD09A037EC21ECD5877A78B3861,7,0.25
D25A123C41B12215B8B458771AE2280C,3,0.14893706185882832
CD553659B97496B806BE15B4C85B5B46,3,0.16370565544521565
DC8FD4E16804316D683DC9CDF990E63A,1,0.15292486830283214
FE173A9F29A6AB00E11D0B9F16A85C13,2,0.2559580248098155
81B0F6EFFC9C9A6C53C97A6FC2057950,6,0.31546487678572877
FCCECC38C27E3453DF5CFDEE3C9CEBE3,1,0.13927752948720412
B5F4BA1BF40980D54121403CBE482F68,2,0.6309297535714575
46BE8CB05BF205FF5B29BFB6FA66216D,1,0.17718382013555792
29556C6EC2F6F38EF023FE86BB0FF966,9,0.17376534287144002
341B36729A5234006980A9437F698BE6,2,0.15520856277015513
A800484C2DAE23A149168B77343C0A67,1,1.0
3D8B92ED797B0F917C4B61724842CCF4,2,0.3562071871080222
FDAA6565B34B40AF9601190E4D68898C,4,0.31546487678572877
7C17E7B2A145B2E87BFC4D99BFD25378,10,0.3263690815888676
3F5F4599FA8E401B56ABF0BCC48C0A95,2,0.27894294565112987
3E4D84BE612B3561DB46E0781477DD03,5,0.15957141566993818
7BBAC8408A80FFF94EC31162D4B9C9FE,10,0.24465054211822604
DCDD04EBD8F10AABAE0FC6BC0DA8A30C,6,0.24465054211822604
46CD56E989F837BD3124E64B7D773EAC,1,0.18428883314870617
AF9E45329EB1712D644BF5DBBDF2C903,4,0.14478295061395813
DE1B8138BF7837CBF8C1DB2F55FFE791,4,0.14662371845531105
4BD6582F7D4BC3384482D1252451BE5B,1,0.17070727966372012
B6BD569EFC01C9D7AA901619649E7088,1,0.17905223175104137
A1873FECDE58A1A271E90A88ED5734A0,13,0.15084420062289414
1069A36607B65D2C6DAB72136AFFB68E,3,0.3333333333333333
644590BE818D88E0FB90B671688B0073,1,0.14987054163194743
5FE690C68E1C3F50E9C510B2F183D823,2,0.16485085672216038
696A85AE04C2EAE99E2D6085CA7F1E0F,12,0.18003132665669264
A15446EFA6C11AFC514BD99E40E9BFE8,2,0.17905223175104137
D25A6E1E481E68CFD768FA37E7360B04,1,0.22821501725677434
34C03190303DE30BCDB65EEAEF2DB8F5,1,0.15117821092177644
E3D4D593CF85EF5021494517FE7CC9F7,5,0.23540891336663824
D2233E9BF2B6327182561FC6B745C001,4,0.1440400303421672
BCDCF6D28D5249D612C252355B2A416B,11,0.2493529199788649
64E7D3119B91E9D17E92E0F526C0ED39,11,0.27023815442731974
EF99F6625160D2C9DC1F644DE0D4B621,3,0.2037950470905062
156BC6285714EB323B09544C53E2BFD4,11,0.23981246656813146
F6875E7A14DF96CE432F040660956C6B,6,0.14026655943145866
0E48D12E008D295C9F60DC31A428DEE6,6,0.18428883314870617
7B3286867375AB42795F61BC9ECD43BB,4,1.0
40E8E1B3B0DAAA498FF918917A5FE04F,1,0.15602106502222501
10DE5E070CECB68C23878DAF5E514310,2,0.1631512196835108
15FFCE9404F0D10C6E46E5D982D92794,4,0.21810429198553155
9DDB9CAFDA3F72B43DEAA2EE90F88B1B,4,0.2103099178571525
4B7F3E585D9B5D7C196721135C3491A0,2,0.1631512196835108
4EE8B833F84B8D3593C43EA0E7183170,2,0.17718382013555792
4A78EFB1A96FF6D237832D4E136A5F3B,6,0.2
D9AEDC34106B7761580B82F4B3F3DCB4,1,0.2890648263178879
428B19BB873E1C816893995F9359872D,7,0.21358907221887433
46D9639ABC0A8D72201BC49631794789,4,0.1854490234153689
F06BC9DB9A9E57D10042EAF9948265BD,15,0.2890648263178879
EF3E5110D675DA76F83947AE486B3E91,5,1.0
E5D5E72CB761DED225B8D6E7AB6FB1E4,5,0.16666666666666666
7CFC521730EE8081B646152D4A8D8EE8,2,0.2103099178571525
9E59FCDCFE85C863BE9084C2A319A662,1,1.0
D3C88D5C68BE0082C3E1110EFC89960B,5,0.3010299956639812
F4FBDB0D8D109E4A2117B402C625282B,1,0.17718382013555792
281399EED20AEDB84F03DCDF64AFBB8D,5,0.5
A7F854CEFCDD15D4D8359CD7F3C25C65,8,0.23836068204388614
38787F4F7D62F37B01FE79A78C7941D4,1,0.16929380759878143
1473C9D53A75571D173CF6B1E55A5E64,4,0.21810429198553155
F5E6D2309BF6DFCBF87E210846C79034,1,0.14478295061395813
3C5FCF2DD68509FA23A6AB153746A68D,2,1.0
B7D89578DD0D454825CDE95CA31558C8,11,0.2664454070588445
E8D66A06BEF9BDC1896C2E2B8B2CF92E,2,0.16666666666666666
19C76D3157B4468804C8A613A9C1E54A,1,0.16260831227163416
3E903FF330483C47D149325CAE6368E0,2,0.5
2056F531C055A78D624BF97F60AEA665,2,0.23981246656813146
F92124759C47848BA482580545EAACAA,17,0.17821966161385816
EDCCDF13DD0381F311A3B2732BFBFEB2,3,0.15520856277015513
9CE80B19835E5F9D29268CF7659B3F57,6,0.2440601006602372
15D9988B4310BBA7F6BA34A9E372F4AD,1,0.2103099178571525
38CE92255F7EDB848435DC0B31B039CD,1,0.6309297535714575
0BA9A5B8EA896291775FC83F6728096A,2,0.23540891336663824
1DF551734D9DA51B2F454349D4A7F050,2,0.15773243839286438
8702AB2C7CF42981860033259B706B76,4,0.1965616322328226
A145726B3CF66D4A12CAD216050B8672,2,0.15221034671324338
F6FC1F89BE8ED30450C6DA060EE59EFB,7,0.20801459767650948
21816A85BF4F9A42C4F4DC58895ADD09,1,0.25
8F4BE1D7ADC69000C897AC57A70D328C,2,0.14240211088697471
0739ED0809CE305BC042CABFB5BE8977,3,0.36542522267769423
111408A080A942424B1E4BB654CB01C9,3,0.19823986317056053
C065CF267369B4BE37F99AA3F3A1FF13,2,0.15909880786929415
2E0CE2BF904F803E8E3DE9692C61DEF8,2,0.31546487678572877
ABAD8DE7E740197ECDC3BB06B50D6EB0,10,1.0
E3C3860D9AD26CFDE6886F729EDD7EDD,4,0.2890648263178879
5CA56A7C449C2AF55A05E6C2860FAA0D,1,0.2103099178571525
F878144077F7EF8D18AF1AAF85A526C6,14,0.5
4A56C72510FE097A52817CEA3ADC7073,1,0.16666666666666666
6E6D8796EEB9103F13953E289F01559C,4,0.16005307325482135
7F6CDE9328B7E1B30B4857D5E113CE88,8,0.23981246656813146
F4C16111CFD5CDF04F4DC7E12186D547,1,0.1440400303421672
5C5EA4FD7F9A64B7FAFD93D49DB922BB,13,0.2906172350650933
2FE9B47CB7D0A2DE114A6DC9F34264CE,24,0.2822917800250348
D668362E72728B803FA248D85CA086E6,1,0.14152099882215266
C086E170ACAECBF1B43E0C79DADD743E,2,1.0
FFA749F2473CF89096E3AFA1F6063BBB,1,1.0
53E8F65CD68ABC9303776F895EC84C23,9,0.40729654266678744
5D306265ECF906448756ABB0162CE6D3,2,0.4069492594587925
D5ED722F60E479B2DF441511A4319A3F,1,0.3010299956639812
FF3F4E4895068E44CADB9010F9F5A399,2,0.3341792311619776
E20B566146398DA6D128208581C6E78D,8,0.21578391792914187
3F80587EE085CFD3A07F52981BEB628C,1,0.15403922195426356
373B2FAA4A7243790623C304AF78A1E9,4,0.21034575506331926
F6C86EA96498A2871596F767771FDE3E,1,0.43067655807339306
3560ABCDC145EB725B64BC5D7C8DC5DD,11,0.33261040057006236
E03BC484C84DBA034F49057242DBF95F,6,0.2563594729141182
D7D645CBF64FA5C4817B340427E625FC,4,0.2559580248098155
3D32B9D692647A0DB0B0B730A254DB2E,3,0.24465054211822604
4A04CB0CCBBFBF22AD1FA7BB73D357AC,4,0.20584683246043448
4628E64A71887A6C1F6324723FF5B6DA,1,0.227670248696953
0CF44C2100E93D1844F747BED415581B,1,0.15773243839286438
E7B94DDA674C50A9C1048C2A4C07C0B1,11,0.23382929363312732
BA72491FB4195268F6AB7ABD19C64405,1,0.23540891336663824
E01675209473F907BF184E50EF383191,4,0.23540891336663824
62743A003B5EED51A2BF3F958CA3F600,3,0.24465054211822604
3F5CE27FC305516592D6543B740A7C26,3,0.146350958075862
9CF0906C0F511BFF8BED1679BC12ABD2,2,0.27023815442731974
416AD2CE91428A0EF8EBB9FC0E83B7AB,5,0.18208790046993825
B0AF8563E7FFCE233947BA670FD6DF1E,7,0.3562071871080222
8F4E157979AAA4E50E4618E285B9ADAD,11,0.1548123827357682
DC3AE2FB65245E1D40BB962C86E1CA81,6,0.14355885269113103
89141FA756248AEB58F8A67C5C55B3F0,3,0.17905223175104137
C9D88BBCBBDDA0A5E0EA3AD9FD2736E8,12,0.3086378799531673
05DE57EBC51D3643E0CF72E416122B96,1,1.0
7ED0761B9BF3271549A57B63AD921CC5,10,0.14555268036201674
4FA8C40CC7E7CB846FA65A08BCA6069C,1,0.6309297535714575
F44283EF13F862A97E2534E7F0B62965,5,0.15442266280111014
5CCCFF4E7F887CECBE29571365E6BD7E,3,0.20584683246043448
918D9B3DA729831A822EDE670198DF39,1,0.15817959093978226
4D1CEB899CF0EFE74DDB01F2537FE1CD,1,0.15084420062289414
047827F2E16F7722CA59326692F689B7,1,1.0
7DA406ED31DD913CECF6A652D44B9B5A,2,0.17070727966372012
44DEAD0646848A081D636343EF61CE1C,2,0.17629143438888212
C4107E9827823A92E455DF00E77101BC,1,0.18316925091363362
94B7723C139A6489CEFA2D5FF0E259B7,8,0.15019048322368797
EEDBD6D633101A83CBF7AE6F63BDED9B,5,0.21274605355336318
9C8DA58DF625587B1A6790BAD63EC233,12,0.29658804337553213
15DFF3A79E0FC27B4A2CE2D872B36BAF,2,0.21810429198553155
AD6CBE0CDCAA74ED91A52A40AB8B30C1,2,0.15442266280111014
DD92B9D0FC83DD933665E6942204AA70,2,0.25
1108CCFC5F73F43EDC9FF79A404950B8,4,0.16485085672216038
07F6B450BDFA89C39354DB5A438B59B8,14,0.7216084928563419
09D8D5E4F8040B3CDD3CDCAC408E9978,1,0.15909880786929415
3E5BD27D9048105BBEF920FECC046D3C,6,0.27708896419762746
E4ADF28C8A3A1F48985D818DB5A8D772,7,0.5
0E5B3C3A5E93A34B200D45605D4199A5,1,0.156861774859441
5C590B65430ADEAD75C2280D09F780CE,2,0.15602106502222501
4FF998A42E38644FB4D701D3B7A0016E,2,0.23540891336663824
55C7793C717591ADD89CE5E095424FA9,5,0.39780880120575696
9D1FC7AE288A93FFA5328ECFFA4D1503,2,0.6309297535714575
6012AC22EA466083DFFB9969A5D51278,29,0.7464955748363535
D3DD8A6C1EF25E289AB0A14F2F2E467C,7,0.4234096599896984
CDDBE1BAB4688C797B16F86F32DDAE2B,4,0.24465054211822604
D368314E99F95E9D4807BC94BF64BD21,2,0.24465054211822604
B4B0CC6103F43CF785B24F78568B17A8,7,1.0
1987F383A14EF20BA40E5F4DE166092E,2,1.0
390F9D174267475DD176DE48CFA48B8B,13,0.2601165868737021
9025723DA1171F459DF31A172D73D1E0,3,0.6309297535714575
273D04BC8600442FF5B9C9BF7CFEE099,2,0.38685280723454163
ABA625BBD061DE16D515C490A87F419C,1,0.3562071871080222
108C2DAADE6DEBA4216B9F207466574C,5,0.2721514207138265
ECFF6F3D5DF17B7B2F729B4DAEB35C12,1,0.3010299956639812
8BADD77A804E7D39125CD216E0A29BF4,4,0.1605440854340214
7AD425BD16DBA938F6476FEBED835EB3,1,0.13852010756717748
EFC6C4C68C73503C1209AF6446DE756D,12,0.29464670151007677
888CED09F65E2FCE7C1FD9C043B1A0F3,2,0.16207652439312228
4113D3C67496FB77557A623D4E9BFBC5,2,0.16604764621593782
DA095CBFF4EF9E3A2112797115013AB9,4,0.14804095548293264
976B167A5A1A0718AB63F05D58FC8FE3,2,0.3333333333333333
E413C62352889F9F945242384585C5CA,8,0.23981246656813146
A738ADA29B816A8FC312E460AFB4F221,6,0.14109421416360957
DF1ADCF54CDEA71423EB935A4418ECE3,5,0.3562071871080222
6F48A56901145E280632759774A1FA54,3,0.1548123827357682
AD8BB8C4262CD7C141E2199C3CB1A7D9,7,0.2997053997864711
63B5305D98BEA58023165C086DC9FCD5,4,0.38685280723454163
2CCC19014C553321A1A128C7338F6E75,1,1.0
5EAD3FC64A372602C2D27C276826DD1A,1,0.14355885269113103
C522DEB3718E83793D6382875F71B32A,1,0.13947147282556493
0683ED6A4967DD8F2CAB4ABBB28C68B9,1,0.14608157963242446
71DE681B87DD1D04B4AC27A263340C5B,8,0.35483901884126723
DD370316CB1947968F431E3DC6727222,1,0.18003132665669264
0E161105A26E963D240DF09F882A4FA5,1,0.18665241123894338
6645FDE48F87C5F00E9795AE3BECF4C3,2,0.27023815442731974
E4690AE34C87C8BEA5F5D97E6EC3211A,3,0.16005307325482135
B6E40C93512E7ADDCB52E58E06731137,5,0.21274605355336318
EE3FDD9084576420795EC1F9F5A27627,6,0.6309297535714575
5154BC72B60D5BEA9538DACAB0D1F4AA,1,0.6309297535714575
0CC46F85F93879FEBF8EBF9828E63CAE,1,0.13986508659473787
D6188FBA472EE9F2FA6627F57680EE69,10,0.38685280723454163
B3D903C5B4FEC7C1EF71D3019EAB4B37,4,0.2
6F44462B4777494FC85BD1FF7FDD7DAA,2,0.14987054163194743
DDC832CC72E74ABC0E556D259C80B1D0,1,0.16604764621593782
11994CD840A9784606D876AE9E81AE02,9,0.18271724896290362
23DDA9493F1D0CE34E08225BF6AE275D,1,0.15520856277015513
F3286E871298B28A1A6E87F67D4568E6,5,0.2890648263178879
04C8AC3D6B42357C8C0D8428594034D7,7,0.2037950470905062
2C18DD21E9E3C077029C73008142A2AC,1,0.17542506358195453
A5DB7FE1913D5D98C9D91E2AB9C436F1,1,0.1468999356504447
02111D231D6FFA9540F2A0059B4AA443,5,0.14893706185882832
41B85E5DD8A9D649BFB8BF0AD99C23B7,4,0.6309297535714575
E5A029FE58DA2CCCB86C634F67FB74A0,12,0.2479247819959035
4A16A9D8F06E1DD40111ECC41A053168,1,0.27894294565112987
26DEA38B573290C3AC3E4AFB1FB5493C,14,0.2889092425324043
F24FC686FB9474D02C2C89D34BA05EA0,10,0.5508892475375091
1B51F2A1A6BE072FF79822067A33CCC4,2,0.1810425967800402
6AE6E186D96D2FD69B8C2BA83A1BA158,2,0.20184908658209985
960144563D0FB8C75275A2CA2919ECB7,4,0.16929380759878143
2EC8170EF27856AB44AE4328AF2A92D8,1,1.0
EABDF6CC2B22FBBA7653132AF652E028,1,0.16604764621593782
F39DF1CB1CA08C6726DC89B234F3A9CD,3,0.227670248696953
7B58726A2B473815241CA515C7E7545A,7,0.1949590218937863
65FA984FB6ACA498429C8B0290C25627,3,0.17542506358195453
310B06414B90642647AADAD7B8CA66D6,9,0.23137821315975915
844BA9F8C9622D60D7EED0C5487C6340,6,0.227670248696953
6C05A4D8123971C751AB1C6C9A08E121,2,0.38685280723454163
1217A4FC21F914D1289FCA09A1825228,7,0.6309297535714575
FE22B9226A6EE5E065C726C10FAEF498,1,0.15403922195426356
1F78FA95F480DD4884F87972CD722201,7,0.2
F7DE77BF07E8D106D65894452D75A024,2,0.38685280723454163
AC023641449CE7DAEA511D477C98B3DD,3,0.3333333333333333
3DB4069295F2D09793C26757F2ACCBA4,6,0.18208790046993825
525B780B7F7D379FD9FDB152491EF931,9,0.21976342823813855
FDBC81517037036DCED7368381EF88E9,1,0.43067655807339306
B25C6B322B1DE2E27D492BB6DC664695,2,0.15256487060115928
716543D35C8D78581C23D68813C1E835,3,0.18665241123894338
A09FB5C8A6E8AC603D95640504FCCD59,7,0.6309297535714575
6C75B5FD50814E5FE6E99CC52425D17D,1,0.1949590218937863
76D1DCE0D4522E52450FA287959F3AC7,4,0.43067655807339306
99F5A22714DFA5E1473A7D707A81E50E,1,0.16666666666666666
AEF2B1CAE8BF16C7AB692E9E9E092A64,1,0.18316925091363362
4D8D5F51C6BF677D897486E67A71F222,9,0.227670248696953
149D08A385B198D13A724D53FBD4B11C,3,0.3562071871080222
5A00C43AF6F9CE441011A7BE0CC11BEF,3,0.15602106502222501
CB37874861402129516833C7E582F36E,4,0.20801459767650948
9CA437045E51A4374861AF9194CECCB5,5,0.31546487678572877
E21DD75B31FE68AA4B91D8D3A6E45AD6,13,0.20801459767650948
330A439FAFC25E8BE74A648428159A53,12,0.43067655807339306
9B05E67F89659E1DFC233675F624D5A2,1,0.3562071871080222
CB8D06250181B96D37ACCB132195CB8D,5,0.15019048322368797
79DFB3411A80EDCFF9A0A9339848BE4B,1,0.2477646230600148
CB5F401EBCF3C865534C8B5439313D32,2,0.40627642657241075
449D97AEF7E7862289991B61A5C20C41,7,0.2500315342569248
8487A9F9F636FCEDBFFFC550C1DA6CAF,8,0.18208790046993825
DE53A4B83345B7860A02E45E549B8104,2,0.7046556934845073
0C86671FF1FB84977719BD360DFFC275,2,0.3333333333333333
50C4039CFE35F1A535F070FEAC657AFC,2,0.29757187748271935
374A770162BB124996960809E6FAA8C3,1,0.227670248696953
61B32BDA2601BD1162C90295754594B5,3,0.16544255391905832
00F2AA36738098D262863315AC55247B,2,0.20584683246043448
0E2B9ACECDC6431EAD74ED63471D2381,1,0.15084420062289414
CABA1AB6BCBACAEDA6010745D900A07A,2,0.4843542209360027
83941409D62D74A66A5AC227F45E551F,12,0.14746305199023912
C189900E325220B1352C8880D881225A,2,0.27056663358113003
E7B872AAF1D9C7F112B873B9B98380CB,2,0.1477501131786861
3AFBB2CDC5ED196E5D08AFDAFA60CEDB,6,0.39489133663288045
D463C545A3CE55EE6A744BA146A8BF8B,9,0.3562071871080222
2A09F486F6A5E48D5F6F16D6FAAD402A,18,1.0
D9C026CBC4D4C51416821A76DC1B8ADF,2,0.15442266280111014
3E4AE4CD790773A7B0DD70CF85F419C5,1,1.0
D428BF45B80A29229A7EB4FBFAA53D86,9,0.5
6BF5CCCED4735D3C375D4EEE97612E5C,1,0.16427204996205025
7BCB88CCD96C28A12308BA3F63BC10E4,14,0.3658605607398787
69122109D478A95F089E737A506DB075,1,0.43067655807339306
C977A018AC2215D8D6D86F45EEB123D5,6,0.22106472945750374
311950F558056D2CDAFD39CF1FB0060E,1,0.2037950470905062
CAD45F0D3F95CBE4FE49B1E846F6A7C5,2,0.21533827903669653
6703B7132576FAE4442F0196566EDAF8,3,0.15909880786929415
960E79372062C525558C729C8DA438E5,18,0.15957141566993818
00B1479C86F9F45A34B21585CEF59269,8,1.0
8348405360D190159DB500CEFF56AEF9,1,0.15019048322368797
E8C615F96BDE01756890183256E55C44,1,0.22424382421757544
2E0217C2EA45ADAF79982DA3A928A555,1,0.23981246656813146
0D9E5D33AC7CA846614491E97EA2CE66,4,0.2
8CBD78004F686C725A97818F0529611F,3,0.1686130986895011
96127061CC9B52E6ED8758C9CA0C48B4,3,0.5
28B53A177E9765B3B525DB226AC04B20,5,0.3333333333333333
55EB2636BB5FD1F355C1E63D2C1CA693,7,0.27812041890329436
12F113219D35BB10126A0984E71542F5,13,0.6309297535714575
49EF296AC9ECB4CDC7FB9241D81A73A6,1,0.22106472945750374
0C7B512B280432B5882BC4A241DE2134,15,0.2559580248098155
2AFAB20F0308C15468E476E815FA8D1B,10,0.746877227126485
46C49E8ADEEF918511CE8D3B65B41551,2,0.3333333333333333
E2830242DD969D45095E653E1A4D91F6,5,0.21274605355336318
806E6134CC7FFE5BD0FA01C39F713F5B,14,0.1442847926987864
C601CA9B595D55896391F64939FDC9E7,1,0.23981246656813146
DA1D1E046CF8ABC646D4E717A6B9E61E,2,0.16666666666666666
D8AED4177D572456AB4CEC9068B6C636,6,0.43067655807339306
3133A5DD48CE6A72EF36F4B34ED00B1B,4,0.25
592786F0190CEF1F8D41235D6665FD08,1,1.0
B1A700C123A6E6A4FAED464CB58EF8A4,2,0.1949590218937863
9CB8D08E794D9D094420A604F79D0AFC,2,0.18665241123894338
CCEA4F6BB3F34171D23E09AC84DF1777,2,0.6309297535714575
F8ADB4FDA26C90C79D13C9D85C4BF06E,6,0.1442847926987864
17F4DB5266554547922E3BA3A2150DF1,20,0.20210630825262807
6FE17ACA4BB9A3ADF25DBA05DF00E405,1,0.2
7AF77D680C66DF2FB7C8EB45F1AC845D,1,0.1548123827357682
CDB467541535A3916ECFBFC0E83F264C,1,0.16207652439312228
150872061408E8206CE547EAE60CEEAF,15,0.1781035935540111
FA93C48D2CA408060BDEFEFC60A6630E,1,0.2103099178571525
25E07B1BE6252A44F8153EE42955FED0,5,0.18665241123894338
A0BCB8DB219B904E64096E13D5A10A90,3,0.17629143438888212
B32E11BB7DB5E32B2955EACC26302143,4,0.2
DF907FA610A1E78607DBF6AC2DE76BA2,1,0.6309297535714575
D4838C79773D1255D12C214D74B01F64,6,0.23925201047179645
4FCA6432D8A6B9B1ED7213926D007664,3,0.1408841194731412
36078A858870C2BF74C51523A9E4E210,1,0.6309297535714575
B4399D1263384679ED3AFC7C87D3CFEC,1,0.14955506186451523
8F2A82EF6AA7EF80E458A8BB6F48A62D,12,0.2531274749085169
E7380514EACF6A49935A64A9EE013D50,5,0.15256487060115928
199D037218F0E4F5956E54EA3025B995,4,1.0
F2B22A6EB5A4418B2D8C8038E129A237,1,1.0
9673160671EE159BE11FDC5012C17913,2,0.18428883314870617
1177EAA9BFEA55057E72D84E70FC1D09,10,0.23747074890831565
C55456E07C4F95BD194ABCA519BB0474,10,0.2103099178571525
84D8A8A53BC780E424A1E7D487AC8FF1,3,0.18208790046993825
4EAC296C6D7EF6DFA0BB891E67DF0D72,2,0.21274605355336318
94C62E27DBBE5473F4F501EB1348EC6F,1,0.2559580248098155
36025BA820D27A3E1D5A4BE088878855,1,0.2152471886811018
880A57B0215812A6267D20E224D7FF73,1,0.18920035951687003
5155F09F7AB534C736CA07814D9C1FEC,4,0.5
05C538D2BEE80737BFE4550384B02F40,2,0.14067617071310393
11282DDDDD091D6F2BD9BEE06B8A294F,1,0.14047032975614
00A0357C9B5553050BD770C25DD88A39,3,0.17905223175104137
B3E1C72DFACB01DC9009C367A4E17972,3,0.19342640361727081
B63296C6559CF24C4D54E5A17CBD728F,1,0.1781035935540111
3453A19BBDAA582A8E01D5A644263778,1,0.23540891336663824
4241FA80F30623067CB1ECC44250F8A3,1,0.1505149978319906
0C0838CF621C435FCD24FA998E230050,8,0.14026655943145866
C2B9D5AE4510E73496188233737DEBA2,2,1.0
99CF6AA69B4501124336178FA5BB0AE6,1,0.1396673142523192
D1F3DC107DD31F059E3C3A2BFF9F18FF,3,0.1854490234153689
D4E4E6B2D827F60F047BE83704C4E370,4,0.20176050374515522
BE4F0A10E6AF6D4DA6CB54E34BDB5D74,5,0.17718382013555792
DEE3D08941F77D941FF689FFE21D19C9,2,0.21533827903669653
BD003F6880C9A582A8058C811F75FC77,6,0.1854490234153689
7A103B5F73414CE33F3C4AFBC7F51013,4,0.6309297535714575
4FDB9C033BF35D96E9FE4CC30A6F71F3,2,1.0
09943FB35DA3638FC19606FF8C3E1740,1,1.0
DFDE5998CF98A5969A72504C87778D0A,1,0.2037950470905062
B2773E37288FDAF4BF6A2800F635CCFF,1,0.5106160080346281
54C4B850B78AFF81381E6745CA610288,4,0.43067655807339306
2974D089547BA98A743D0D8A5B671B77,5,0.4911492931622974
D91D24397FC19DAF2CAFB22A48E11DB2,4,0.16999161628691403
A39EAE10EF1FE226793C9D53441F8E1B,3,0.25
D2D27B67AC36934D9CAF78B3B19F1215,3,0.6309297535714575
F0E2A6BB116E8385015274970ECA292C,1,0.14833566670536175
5A714B405B50CA88B514C13A59BF42D7,3,0.2085742624558239
9182E16BE86AF56CDB29BDF3905756A5,3,0.16005307325482135
03FD2246347F28A37004A621326D018B,1,0.6309297535714575
037D892EC1FE43D81710F4E848D72FAA,2,0.14067617071310393
4DD64FDF4E2D8D8C64FEDE951307AABA,2,0.18665241123894338
D7A0D68251FA1AF12AA84CBCC0AF8A8B,10,1.0
F828AECD02CC4BA0AD3F9063E027F503,1,0.23137821315975915
CA4A0BA40E285988BE345CFD66F3E268,1,0.2559580248098155
5065D46DD6A4A09CCC1A495965897263,4,0.19342640361727081
66916914DC9175BD6B3DE9CBC7FDC0D9,1,1.0
75757A4BF37B29CAD38C43873FDEC1CD,23,0.5287217091005357
F82F87222688F9B024D6F9A2D347AD98,2,0.47310800639627565
5862EC84F8BFA8D5BC13D32AE3E74AD9,1,1.0
363AC83E540AE554F3D4BA9DF2CD0D80,1,0.17718382013555792
65BAA3CB1D24BFDE99CB40AAB0D55F72,2,0.5
6D41A9649AB2D154BFB93DE4A3EA7729,9,0.40537159968365877
FD5490EEC17E3CAD44035F603C359262,2,0.18003132665669264
E186FC544CDA195F41EF0CF932FDC3FE,2,0.15442266280111014
DC801EA6FBA2DDAB799C630EE646132E,6,0.1854490234153689
861C647B3B088F8BE9AE7A1763526C74,1,1.0
3A1207FAC6DB0776997F80A4FFAB866A,10,0.2037950470905062
8659C057A78BC4956118F91BBE2A020C,3,0.1949590218937863
02144F1F8D254B1FB9239FDBBABAC58C,1,0.1505149978319906
FEAFE053B277CCA5E79D1427AD32A660,1,0.6309297535714575
1D28CF593B7553A1BBEC34A556C25B00,3,0.18499934887375197
FDB9D07BBDF6858F4542299C3621C1D3,27,0.618328528098108
66DAD6B06286BC80EF932CF19ABE8556,1,0.16544255391905832
CC117375F0324899F57559A5CF6F669D,2,0.27023815442731974
A00BAD90AB928B495B00343D7837EE8D,2,0.1781035935540111
DEEA6C531039B7BE73D2214B27C08619,2,0.6309297535714575
46C49AC66A4BA444C771BBD67E7A1865,1,0.14987054163194743
F2501D61E0C9D7BEBA8D8D063C87B4D1,11,0.27951042722481273
DD348B7FFFB69EDD61384701586B9D18,1,0.1417377701235801
9CAC648DB28E5A2BCE6715AE2682BFE2,3,0.4173549207639555
B43EDEE5BF9562E19CB4FA95AA42B12B,4,0.3333333333333333
15BAF08CB1BDA45237882AD36902775E,2,0.16604764621593782
A6159095E2D9E79A0EE8DAB6AD7CBD0D,5,0.44654761151697614
BA03E27C47E746DE1FE9C99AE1F17D48,9,0.35164311474335824
FB9FF7833AD219BA20F3317190923D99,1,0.3010299956639812
43BEF6C06C0A648524758069E3F19A9A,3,0.22851058192064747
3C0150C2ADCD9EB14B796F84945AD265,2,0.22424382421757544
8515BE9947985E7307F41EFAC331123E,2,1.0
397DD5764548730593763D2771E7701C,1,0.2
1911008673D4B78CF7D85771A031E5C4,12,0.29986872533713943
791018FB01AB1678C54EDBCEC34CC51A,5,1.0
0E15A297F38103B98588AA48B59D4E1D,2,0.15863495891559604
6DFE36D69E11F3E75D226ACC3EB06001,10,0.5640920940185894
FA789164445F792910C37D0A355C16BB,3,0.2188528571085541
70B4EAE702970BFB9E9DF599DE94CE18,1,0.21274605355336318
721D930CC3331DF9CE4808DB3A362765,3,0.16730017881017412
D708FBE5BF7710B8A3EB203179EE296D,6,0.3333333333333333
7C4EE192ADF7D99BE0048FAC1D35B3E0,1,0.22424382421757544
14430B76337A8DD96268DB2DA4920856,4,0.27023815442731974
75B2196CD81BFE74CFE4C53347729611,8,0.3333333333333333
814F23564E0E30CE8C4C3F82871D0CA8,4,0.20184908658209985
0EDC46A56CFB8B5081C6F4A1A8C1C856,2,0.23540891336663824
A4FBAFD39BA6318BB0B6FBB9DDD6C6BB,3,0.14581551052860536
05CA0AEAB0900C0E3E0E639A5160DF6C,1,0.13986508659473787
222BC7E7B0B8E94518BCF8520DEE74CD,1,0.3333333333333333
8479B83FC07102C3A9716FC74C67BBE3,2,0.16005307325482135
B43E3FD62786BFA165F2DCA6D9DCD4CA,2,0.20184908658209985
68BB0FE095F618D71A3B0C6D85A6F64C,1,0.156861774859441
BD21D4C1AD5912B01F33E793B8C663DF,7,1.0
BEE2BD4080012B7D201344C64B6431E8,11,0.19342640361727081
093C8192E5EFD58EDBB8620BB32D9081,7,0.21533827903669653
B5CC6C460FE2EAF11CDDC4823F8CFAD8,3,0.17718382013555792
4DAB404C47E69AB08C1836183459BC79,1,0.19342640361727081
AD5CDD3D4EDBB9CD18A6EF118CF1C5E5,2,0.17629143438888212
BC3897E9636CEA58229B0F9F388CA11F,1,0.14893706185882832
1BF34AE95158AFE429E2B48933B4901E,5,0.14581551052860536
1B4A79028B76F36B0DB5D5EC286B0A9B,8,0.20584683246043448
4D974726ACAE31A9C4FBE793AD655100,2,0.24465054211822604
4197BCB60EBF63B2450F6E91E29F105B,2,0.26264953503719357
FEDD03F45B55991CD0EB9916F122D08E,1,0.6309297535714575
FD3B31A3DF2A784D65018BB9BC6106A9,8,0.1631512196835108
69283F5C7E52974CAF9C39CF6FFD1B37,1,0.6309297535714575
32CFA8FF20BAE8BD025DFEF0A4621030,1,0.5
C6FB5787FD73FFC13AB8477F86DEFDE3,2,0.15602106502222501
04A9D013B838B966B813E7519F125414,2,0.23540891336663824
547C68A3BD41399524E7EE2DACD69704,5,0.27894294565112987
18A6E2E1F2E40BB64F1EB91F754CDD04,10,0.6309297535714575
F5A6A8F8282DBA61F1C44359339278C7,1,0.38685280723454163
9129D9955B01D238635A1DC46D98FD87,11,0.20801459767650948
939B9E4F63CCF19E60552E5D6E57FE35,3,0.23540891336663824
ED4C9AB9CDFAA6459D9686BE37440BF1,5,0.18790182470910757
790E752D61191006C39C8006EE439B44,5,0.14453241315894394
99272B01D9485C9B873B2A82FEF5655A,1,1.0
9CB1EC34FDCE7725375AC8913EF681FA,5,0.218070387695227
4960B8690ED9440269D6B998CC4D688D,3,0.38685280723454163
38263937A07A954981F0B20AC441C484,3,0.18208790046993825
ACFBE98268B9B79161A0DEE456D0400E,3,0.227670248696953
E795F9943CAA58E53F9109F7D9394E79,1,0.20184908658209985
719D58ABBE2E185177FFA6A8A53E94C4,7,0.15084420062289414
F5581060071757D0024FAD8E23D662F9,7,0.24484622421189092
417599D3F28B8A7440ACE8933FA30AE8,2,0.2784740711267988
2D1975B14E334F28B68401F7C26E8869,1,0.14804095548293264
F64258BF2B87CD37502C7F2D6EF37C54,2,0.31807342473412825
59353B6C8FA9355BD2C76E4D7F4CC159,1,1.0
F6864536CE54CEAFA4E8E77EE2C15FB1,2,0.734697408362696
1460113053EE33B8E1C40CCABFBA8415,2,0.1605440854340214
04B2A10F8B5DDDB820160DE362662D75,8,0.15084420062289414
6F327391B10E9EC9D0EE1B5F472AD5BE,2,0.22424382421757544
67DC0905C745AE3E3CEFA2DF17F0D317,3,0.23137821315975915
49058344AA36C58BFD064989CC822D96,6,0.327682275198243
995F3C45225F59C92EAD002AE0F56572,12,0.26264953503719357
4AB568D7E9D499F12170C7BBB1543F1E,2,0.14379806887337757
B31726718E7FF37E0911DE6A64E01E71,11,0.8503449055347546
5CDF97A097FB1072BFC9F30D1F777510,4,0.1548123827357682
7C1B8043F84AB2263882E1D877910112,5,0.2665789176448848
C1B0DE91A73D6B4AF9E852C977377593,2,0.18208790046993825
3D9D095E4E6CD47E3305C6339DCA4FDE,5,0.17144160057391347
39CFE7BCCFCB22C0A22A070B1786FE1F,1,0.2890648263178879
D3DB3E2B9E7E82353982935A8D4C2818,1,0.16666666666666666
AF8797E194D6ACF960B3EC6E3CE956C5,9,0.2037950470905062
4FA4387E09EF6C0E599955D64D7F2BA1,1,0.14746305199023912
0C56EDA0F36D8AD751EBBF4413663D88,1,1.0
3AF9EA032406386D23EAB77D1834101E,3,0.18428883314870617
5373546507F9B03A2163D292779A0AA0,1,0.2559580248098155
4B8DC0447928447A81F138742281FE59,4,0.2559580248098155
B456E4D85110563D63F6DA7FE5F14296,1,0.15863495891559604
2F16954ACE4CF628341CE83BD269D830,1,0.17458343004804494
314D3F9AC44BCEBA9CA0FD07E33B1014,5,0.3562071871080222
4B3C5D22BD0BD24217F176FE265F9077,2,0.18920035951687003
F1952B19D54F0A112A5846D3DA7ACCA2,1,0.24465054211822604
F60A9CD7F79E39F24A2FC18538369306,2,0.27023815442731974
08D99BC05E8D0B018321C414A729BAD9,1,0.1781035935540111
2A4B0384FD8488FABFEF1FEDC15BCFF0,3,0.2593955812530217
EA25BDBED94C81A04F5AC5D5EB38DB01,6,0.22424382421757544
CE9FC8621A7017B93BA12B1B93433B25,5,0.7037397598917484
C08B901ED0DA1B73FCFDB804EF6F8A15,23,0.15366188628986424
B51957EE1FB9E0FB64FB44840AF0BBB8,9,0.31546487678572877
6AE331FDF39C38A30193F743581537DB,20,0.4210080669505208
C78EAAF98270E94DD3150CC76D48E3BE,5,0.2037950470905062
7920D46F33D5EA9F9BC8AD0438D666AE,3,0.21274605355336318
1D22D637B73FF4486E88D789A02E10E7,13,0.3562071871080222
B2D00CE3C5D08B713F2092FC7BAB1019,2,0.18273251002273885
FE2BD8C216A67BB670D5D351EF52A2CE,6,0.18208790046993825
C8475EFD20F8791BBE6CAC55F64E9992,1,0.5
5AF44D3C282DD940068880277017D695,5,0.15817959093978226
71A33A276765A098629A710469FBA868,4,0.3562071871080222
2FF3E8190085CC902DFBA726AC7746F2,2,0.18920035951687003
A7A0D9852655BA65FBB74F648C4E8EB3,1,0.15366188628986424
B1E9DEAC659C3B94BE1B42A00A76543F,8,0.27023815442731974
9A642C95ED3875BBDDA353154771E59D,6,0.3333333333333333
6F5507BC6CFA6B19932194D10216403C,1,0.20184908658209985
AB52ED1F5122C30DF0E65388C4F6AA7A,10,0.38685280723454163
DDB429548FCD47CAD4CB693EFE3C40AF,2,1.0
1E1DB7D2343461501F92CB703AA8946A,7,0.19342640361727081
0C029D900A3211BB9538DCAE307B2D24,4,0.2
B7BC05BA032E1F8AC0D92E5915B04291,2,0.1949590218937863
297699AE3CBB5E540D8AB35182D4E852,5,0.1468999356504447
219B8CF6AD45DAE55990DAFFCF0CC9AF,25,0.3654477774845743
D33357A57A6A4F66A0EFC94B27984654,4,0.14987054163194743
0B3B57CF4D8987C61F916CC86BC39B7C,5,0.15186115333086322
6528481B1170D93B446BBCF62BB8760E,1,0.6309297535714575
1E5A9123D5CF3E6A5CD4AE5E889E7FE4,5,0.6052602440527057
E5BDEB5612707553398741868276CA49,2,1.0
E379D87B4AA574C756B199744216DC5F,2,0.26264953503719357
73783FA8B02F8B638760384131F18981,1,0.24465054211822604
96D274BB69CA76EDC9BE13E07FE8D65B,3,0.3010299956639812
B4E5C7E98E250F334D37B51753A5284A,2,0.14308844150498737
3EDF9FB0119B70807FDBE217F8578812,1,1.0
99BE4714C2134066FA0ECE82ED38942A,1,0.25619629197470156
7365628BDE531F95003672EF855A9E34,4,0.38685280723454163
96CFD43C488F7719AA5F0B824EB322E0,13,0.26618766884969086
71F3FA27597648D05B0410CB3FA34CCC,3,1.0
77165FDC473495F8BD656666FC07420F,1,0.14217828215101067
0D9107D91BAA5CE6DBD111C8C2632BB4,3,0.21274605355336318
03B5154DB9F9691504FCEB00ECA4C190,1,0.6309297535714575
B9752B9151A6A85D77EC07D9D4975C43,1,0.15561139140249397
52DFDAA9E910893C00495A5349D7BE2A,1,0.26264953503719357
2CA5F413EE12DC87CA3E861A983013CC,1,0.18003132665669264
C843FFADD5D72FAC697CAD7FB92B7A15,10,0.22424382421757544
58A22C0BCE3CEDE5EE8CA06737AAACF5,4,0.19342640361727081
A437A804C5C621FCF1C6D40DF9139618,4,0.24465054211822604
DC002F0AA2424EE8FF1C66C21637A236,8,0.2936625226208098
E4F9DDF5092028F4D7225C1BB7739BDE,2,0.6309297535714575
774D2AC6630F770F28565BD7EAC7DFC1,1,0.14109421416360957
37EB7091AAF142ED55C8DE7B7CC11B55,1,0.2985372964032054
7C9E542EFED7DFCB738B69A72C32F952,3,0.25526527623159434
D10D8219F40D3952EB0EA35F6C9D4150,4,0.18920035951687003
F332A582790EEB07906C52CB4CAF46F4,2,0.43067655807339306
89C5584847C616587F2F7A75496A5A60,3,0.17219543379409813
2F5577DDD32BEF74A82D7777A0B4E1FA,2,0.24465054211822604
330581B9464FF4BAAFC6802A348FA1DE,5,0.2499810764141428
6C1BB66DB79BBD16CBEC44AA4E7D25CA,6,0.148634337571835
519F5A1E82818B4C7AE248E13AD835F4,2,0.31546487678572877
7A6067B19D18B4B43F53AADACD498A72,1,0.3010299956639812
9458A383A564DD0DFCC56EF214762100,1,0.2559580248098155
C5A99E748DA9F7A9826D6626D5CB3221,1,0.17219543379409813
C3377D54C9F49E916557D42AE199C53C,1,1.0
3F53A026E1D8820C59276D3B3928FE9E,2,0.25
BFF78881D0C0C1DDE7495BBF156DFBB9,1,0.15957141566993818
6758731310056D6DF21572071F4E1131,6,0.25
82288720B767A3D81359E144F3EB66FB,5,0.2037950470905062
0872D7ED0EC11C6BCD4B169E6B5F9189,1,0.1810425967800402
276FB6691F581CBA5D9A0C47FBFF5408,5,0.14804095548293264
6E5750BED1D269F7D2DFCBF70C76C785,1,0.4795473028685332
26929ED79DD38CD5197A31C3C4E9A00D,3,0.3010299956639812
32C2E08C92B05E2D7BCED3F9766904CA,1,0.15256487060115928
4326DB8F6C5B232A31DB22E7B4F2D97C,1,0.43067655807339306
5929D2B64F37672E31F9D382AFD9E08E,1,0.3333333333333333
27E56C1DCCDF868C96B6A210302285B3,9,0.1965616322328226
C010038B6D58DC15372F9AA76B699CE1,1,0.20184908658209985
71E9435880FD22782AE9B9C7F0804A90,4,0.6309297535714575
9A51C9448CED805097E95D5027A239CF,3,0.1468999356504447
DC120CD19DB3B4C413B3AB96D77B69C5,2,0.15117821092177644
26D523CBAE89C0A64050EDEF6135EDD4,10,0.1781035935540111
829E5F7A54DAF5DBE2D1F4F069922279,3,0.2559580248098155
9EBF20BD3E63548D4704097F0E7DEA01,5,0.21810429198553155
680390708567D42D78E08204067F10D1,3,0.22424382421757544
AA67897C86E9C3B1690D58C4466E1EE4,2,1.0
BE032C39EB576D32760CF41CA0743914,4,0.43067655807339306
9AE0EE62E152CAFE7CECA280E5DF8048,1,0.2037950470905062
070CFE13BDF95B08E5A7928851234331,1,0.24465054211822604
AEC1EEA0DB72C5C22847427A4CE2EEFF,1,0.19823986317056053
5D4A4446716510237E5F481BBF30C274,1,0.19823986317056053
E99A85D41E45384DA383B62D816BB32E,7,0.1949590218937863
2B035771F34C6175AADABEB41A6E7290,1,1.0
3CF3FE2AEA9AA03BB17DA2BE956EBC27,4,0.14262838210336
96B248BA730CC9947F429236A2A3FE2D,1,0.3010299956639812
51FB4B28B870B6AC1F6B60D5A6102D99,1,0.14026655943145866
ABA2BE3C9CCA1EEA6F390D4129BCC19D,1,0.5
D57A9D6E0168F688714A015732016BDF,7,0.25516534320762424
EDA14A8063843F1D95D2C7C0FFE2C9B5,2,0.2020849688954843
5717731E87C0A59BCCDDA578EDFA3A7C,1,0.15602106502222501
E0AFB344613503FCCD955875AA4DA471,1,0.2
A3BA08086D58A2D3F272148500572927,9,0.18920035951687003
D17074AA04C7FA50E58253E390D66E85,3,0.38685280723454163
822D29A10C3F9D1B29C6148FA2CBF80C,7,0.14217828215101067
21BEC301119A409B6AE211CFFC2C24B2,9,0.19823986317056053
DAEE1A9856F4AA914F8B26CD369E46C1,3,0.2579554875018026
87360B4AEA25B1BB7BC2AEF7EEDA48AF,3,0.15019048322368797
F017BD1A75C76C9A806FEEA0717D3F99,1,0.17219543379409813
9DCCCB4984C0DE756B59FB7D3A90FF2C,5,0.5786431533710412
B7C32787A96205FEF415E9D5C2342390,3,0.3081844204702546
1F10BE0DFB2001CBC2675FCE49255BEC,1,0.2890648263178879
8BD02A938F1B74DC014EFCA4FB66E39C,1,0.6309297535714575
E3DC27ADE6E8F1174A919B7DEF4DC8F7,2,0.3010299956639812
514A26B745456445E7C0DA08870B6CF9,6,0.1949590218937863
2DF64B19854E04253AFF1AA41D2ED3BD,1,0.27023815442731974
2C2AF9E3AB054320D7B3C1FA0F273C4F,2,0.3562071871080222
6C6DE5BAC02D0355FE4C1353FF3F336D,1,0.16427204996205025
3A35A21CBBAD7963AA9ABF2F343F703D,1,0.27894294565112987
9CC0D7916BDF01410E29784BFCE01F2B,1,0.22106472945750374
89FB455E0F1C46F9345A9BFF4F16B3FD,1,0.6309297535714575
CFB0F6B22972536F5E6218AB617A8CF0,2,0.15117821092177644
AE6A44F3E55C22C762BBDE2C50A407C8,2,0.16370565544521565
1B2D569BE316E2F9E082A67F1211DD1D,2,0.1477501131786861
42B0F1F9E3FD2C8D04992A340EA236A4,1,0.15602106502222501
6FA2157F67C6D39462B743BA017BB48F,2,0.5
852724881C2E3A89BF3F129592EE7348,2,0.18790182470910757
1F44C8E83C311BC61F05104D9144F70B,1,0.23981246656813146
67FAE9E612EFAB11D5DF1C3693CB5C2D,1,0.16929380759878143
8B190A127E237EA7BCEECB8101520985,1,0.14662371845531105
9A9F7DD5FB3274D7CE535C17BF23D9F4,3,0.27023815442731974
24CA16EA10977D29A97D2D8629D7306A,5,0.5
FA03AFAC6C246E2E17D76EA1E72F46C9,2,0.26264953503719357
9BBD2C6CEBEDD270149E6A2EF72842CB,1,0.16005307325482135
68EAA9C3332D9F42FE1B7ADC6E781F80,7,0.146350958075862
3B551976EFF5887404123AFF5664BC73,1,0.16666666666666666
F99223A915DA4C31DF1553DF4EAFB581,1,0.43067655807339306
DAC3DDBDED073B8A334FE96C7E275077,5,0.22106472945750374
A942BBADC8173913AC5A7AF20A499D39,3,1.0
23DE6CD0C2207C7ED16AE3E2BD4236DD,1,0.15329048865267808
4197953BF2BC750D4EFAE55B3AB3FA79,3,0.1477501131786861
0A4F5B33A05C98F4F2EA3C833636ADC7,6,0.16544255391905832
80739DC3A95B3487E36520F55768A36F,2,0.15292486830283214
44D118444033919E25234D3A70D08DDB,1,0.2103099178571525
4DC9C84AC5F7CC9040251715DCEB5F80,2,0.31546487678572877
73CF1645A3334B993DE96D91B3529278,5,0.48381288316677695
2B1F96FCE00D903CF10C97BFA0A4FA10,4,0.20584683246043448
E5EE20A9370E1160546B18902BC125CB,1,0.17376534287144002
278A993365E0F2F18AEDCB69D205C870,5,0.17629143438888212
5776E9B82E03BBD6D5B98AED5DC2CADA,2,0.4428698451330214
A0AC7D3DE81FD39EA80E05CF61306F6B,3,0.6309297535714575
14C7C328A25BB99269242AA7AC04FF90,2,0.27894294565112987
012B8667B26219906F19CEF172C40CAD,1,0.14379806887337757
E6BD9C865347566B30855A8581ED8FFE,1,1.0
8F1D8608BA52DE76ACFB12C958ECEE54,4,0.1548123827357682
229ABC91F35D3E4B6649B612207B3AC6,2,0.3010299956639812
706DA53D19216FC1A5CD32B7EBF9CB0A,1,0.31546487678572877
A5FB3A971EF476620FBA03F9FDB73358,1,0.13870677141314172
EE2EFF8C67CC5C0367712A1A6529BAAA,5,0.3121192633991562
BB7BDB42FA3DC993AC635745BC05964A,1,0.31546487678572877
C9BAFC31EF01F4F6480978B6BB241710,3,0.778842958530688
0D395097D0353FC36E5A864749A33C54,2,0.1965616322328226
882FD9E3325AE59050E33F9348083CBD,6,0.15221034671324338
4738432FE98CB0FA9C32E0FA91CDD763,2,0.5
F960C374F60DB9BD21AA9CB2D26DCABD,1,0.15292486830283214
0DBA5D0D2094DC819B05EC87F2460D7B,13,0.23540891336663824
9F45E243666676EF3A596F769788DA2E,3,0.14503646569481302
BEE848D2EAE13D4AF1DE1E1686D8E54D,2,0.3333333333333333
ED6165095B33E748C7220EF51E06E5C3,1,0.1854490234153689
9D9E53241A7EDBBCAE40FFBD772949A1,6,0.15366188628986424
2895570A9BE636E1F34E33666B1D03BC,6,0.46704961142374984
959B7DA34A02476B102B5CF11824A464,2,0.31026246722424
B8ACB1EDCEBEBF8557398346BCF2BACF,3,1.0
F8A27D7A9DF789FC576E23763F6C0AD0,3,0.3010299956639812
173E63B1205D6F174812F61AA998DDC9,1,0.24650945484429473
6C9BD3B1652F377E8770310698DF7CCE,1,0.16794877895704194
9559B9C77980F98A1789D52BFC21164A,1,0.43067655807339306
34797A5FE096E0EA4999C4668CB01549,18,0.6029001773671747
DF76974C78020D6752C43778C912E72B,2,0.3010299956639812
4A8C351A438E590B0D09FE47ADC617D0,7,0.18379634910883308
9CAB858522126EC0F95C5079DDFB69C8,1,0.31546487678572877
EE730C45460A2283F80629B9D054A13E,2,0.27894294565112987
B3822B38C6685F2B4E8AC663C4CC9FC3,2,0.27023815442731974
31599BA2AC18696F992B4D2C3D43E667,1,0.6309297535714575
9916BB0A2CBE9FB13702C5AE525A4AB1,1,0.18920035951687003
93BC73DDBE87CDDEF6B1D2B2BD24B526,4,0.3562071871080222
DC034DB860FD64F7DC7F5BD0E840E920,3,0.18665241123894338
A782116B9066E19BAF03B8A3C02AA600,1,0.17219543379409813
F6F63963A6DE70956544C418C182E648,1,0.16005307325482135
26584E6ACB0C3CCED62E5824FA362971,10,0.27894294565112987
DE996C3D8F60C897F6E8E76CCFD2555F,1,0.1854490234153689
B720AFFCD92D86151B5BAECFDBCFAB26,1,0.14262838210336
5A5FA1E8066BA25C956AADB232C0D824,1,0.20584683246043448
52C015A0C29B1E2C1C56FB46D7E5E82B,1,0.22106472945750374
FEF92AE16B7639E6A06B82BA367CBE1F,2,0.2103099178571525
B0D984483043CDE31FAA4DD1B895477F,2,0.15909880786929415
2B86C7F65F41B82AB526B1A5D1176AC1,1,0.3562071871080222
5F8EBF15377C989557458D452C8BB259,4,0.19195872000656014
0C4FC71821F4BB29EC72310C31EE25ED,2,0.18665241123894338
BD0794BA022F7C470BF783619F8FBF16,1,0.5
5A85726E7B193D1C6C28C24E5842631D,1,0.1965616322328226
A72AB292083179D5594B99B591D8967F,3,1.0
E934F6C0049E263344BEB4ED6180EC85,7,0.27894294565112987
6743D4E61350FCAE40093D94EDFD4263,1,0.3333333333333333
BBB79B22875E4EC9502ED0D5556E4387,3,0.14529302083924284
65CCA049F993E7D95526C020D21E7324,2,0.22424382421757544
7E86641753FFCE5782E2ED6C17DC0215,2,1.0
50B25BDEEBD630D040337AE3AEBF77E1,2,0.23540891336663824
D3B9745070F2D8E8DDBCA75B15217D3B,1,0.16260831227163416
44F9708496CEA35D2674EE441A2E65BF,4,0.23540891336663824
AE54CCADEF1C57982FDC6BB94DCCD2BC,1,0.7019204524947068
6658405F2AE80F4D0D4292EA6B8922D1,1,0.3010299956639812
164048ACF90D17FB6B31DDD58E359DE0,2,0.1854490234153689
C7C69BB65EBC09E60726E2641F452561,4,0.47310800639627565
2399B831F0F4DEE253C621CF876576E1,2,0.23981246656813146
401B0FD313A614AD26F1E940207C09DF,8,0.32734821181764473
C8361BB1F5008A07CDF55A3CC8AFAAE6,3,0.1686130986895011
F6E84517B56409C4770709FD369E7E1F,1,0.21810429198553155
9C2209AE0082E73E7A5CEB666AF11475,3,0.14503646569481302
C4F52CDF2E2A8DE66AA03F9C09A82308,3,0.40627642657241075
D8D59909F4249976406C57A8939D46FB,1,0.5
5975D284F53AE407DB6CC9963E9C6F6C,1,0.7008814689914259
9F33759875C37853C39109AC930261AB,1,0.19195872000656014
0E0A8144FF9590BA6AA874E91B298FFD,1,0.20184908658209985
B0852B02F29C7A0060A150AFF05565B9,2,0.6309297535714575
81B0846FC20EE355BB04C0AA7F1E7669,3,0.21533827903669653
3D4BDCD7ED87353367DBCA0EE0AEF40E,1,0.1505149978319906
93308EABE1D942E886730BD9E5495F2A,4,0.6309297535714575
49EF878A31D79BDEAD49B4808839E632,3,0.2
6CA774B80E12080314B47DAB1A81C9D7,6,1.0
B383660271A734D1991E1C0ED4E64E21,9,0.1548123827357682
E2EEB44BCFC391C911BA117567CA3789,5,0.20801459767650948
2FEA7264E33975AAC83969A2DC31823C,3,0.2174454879832949
FDABD3330A5279FC067BCDC103E786F6,1,0.5
650E6F77EBDE0245571D75DF4DBEBC28,12,0.1965616322328226
A34E724F9AED8766353214169ADE1284,3,0.23981246656813146
299900A693598656E935062A42402755,1,0.2103099178571525
3A6E91ED7BE099D08E2923A1DF1E890A,2,0.14529302083924284
1B7A5F179786BAC8BC1E4DFC9249EF19,5,0.20920110913093148
D31797E193D96AD95103A54C17B13330,1,0.2
7656123551DCD671C69016C01699FD05,1,0.1477501131786861
80EC21703C5234A613C2C0984D06EA31,2,0.2
EE680A97E69DD4EAA2944CB9F04A24D9,1,0.2890648263178879
1E6BDAC739DC08785854208B0C3EB564,4,0.22791102767843924
EC44FF18BAF6C93385BC9BD82BBD3A50,1,0.23137821315975915
97C75D3837A0EBD22F41EC893805F8A4,8,0.18820509460001072
BA9C291FBC6DF79AA3F9093AF5C5E591,4,0.20184908658209985
8D24CD928C1998A85C5F29F639BED34E,9,0.16544255391905832
A2CEA192814A81593B27C954D50D4A30,2,0.17718382013555792
1A81F1A0608A0F17B9ECC11ED57A71D9,2,0.3010299956639812
7DC0D96BD7D48BBC58967ED98E6CB839,1,0.3010299956639812
44E02CDBB97001D133F72AD3F9A369DE,1,1.0
F6675D1C4E1004187194DA12E7643FC4,11,0.21533827903669653
3D89E0F81722149CCDD95D725B16AB21,1,1.0
05A0EC1AFF3BDC558BEE9C03F54CB2DA,3,0.1905514124267734
51DB1C473B5B387F09702C7A9674852C,2,0.3010299956639812
54DAD613817B58BCC82D16DF29E32F85,3,0.1729696904450771
E1DD077484D0AF1E6A7767C9B45186E3,8,0.44844249824872334
C7325D27D05D9DD8832694F71ED91678,1,0.15292486830283214
AF5909C9EC2D4BC54888CCE095D6F204,2,0.6309297535714575
884F4AC62C8B6DFEF74B218A9CA29DD8,2,0.2580156843229489
17285A5EC3EF86F1C1947200A234D8C6,1,0.24465054211822604
38FD8BAAA81D3D5E08B7990AF132D267,2,0.3333333333333333
0E238DDB438D66DB37A184A65E80ED38,4,0.16104477175644444
A26AC2E282B241F6D6AE4072D6BB6CB2,1,1.0
36EA0AF95BC56192BACE7DBD6B4B7B1F,8,0.14130649390055278
9C4DEED778E2D1EAD3816BA2F6ED8286,3,0.14662371845531105
D26B111E901C16A1D7343E4D467353CD,2,0.18790182470910757
327BCFBE8FE931CFE4DAE9B3E1386DBC,1,0.17219543379409813
0711650C744187AC031FC5B0D1B397E3,1,0.16730017881017412
3C0E55BBDFA9F8B83AE2B32818D37D6E,1,0.1810425967800402
A8AC3C019E2C0C8A1897AE358C5D270A,2,0.3010299956639812
CD7D4D7175064E52E94EA8169436DECC,1,0.19823986317056053
7097CB3B4B5151979B8D4871DAD4291C,10,0.3245871646073378
2CB5F355F337C03762354C46535E2CDD,1,1.0
8A362FA81AE1ACFB76E23EC1E9F5D62A,1,0.5
530DD68875814ADD371F008AA6ADD16C,1,0.6309297535714575
32F4029029FA1CFFDA3F4851DF1CDC15,1,0.16794877895704194
D02A2A862435B24AACA03B9274578797,2,0.1572932473495469
AA06CA9A70B36D3CA2C8E27B257B258E,2,0.13927752948720412
6C1E70D138B2B97DC96D3CDFB55AB89B,2,0.23540891336663824
92BEE333E33FBB7C53A0A18E9D88DDB3,1,0.16427204996205025
030B20D3E9D07660683E6F879471D1C0,2,0.18920035951687003
1981A0BC032916AA555AE4E87BE448FD,2,0.27894294565112987
535B19C523FBDF4DD0B3DDB377E228C6,9,0.2
8794F1F9E501B4A6AF4D07324171629E,5,0.38685280723454163
D88756EE50FA2622511984965D52EA83,2,0.26264953503719357
1B93A269293715E75A688841CDAABA48,1,0.5
C2F10679049DDAB09A2C6DD4F7FFA1F1,2,0.24465054211822604
D2D542E0DEAE3FDD7B14F7CB9EBF0825,1,0.16155546744299637
A247AB14B88D97D24AA9139FF84E05D6,1,0.17837501430661026
7A5672E9697F3A5708DD76CC87B1123A,4,0.24015358052135377
C4E1CEF56C31BE6E6B65DEDF48DFAAB0,1,1.0
893A15A3A2866B3099656A0DEB590367,1,0.21274605355336318
E7C18D8BD88B0825B4EDEA57E36002C2,1,0.1781035935540111
F6E74633C6453538837658563E85D6F4,3,0.15520856277015513
7D33CC089CEC7A5848F91786D437EB06,1,0.17629143438888212
40DA5C9CDBC41104C36EBEE0C1854F2F,9,0.7040987903928436
A267ED1C7A8EDEC8028A6DF36980C215,1,0.1949590218937863
DE2BF9DE7ACE1E1A085DFEB3A588BF8C,2,0.16794877895704194
4D67AE236A8078295964ADCED0025643,6,0.17718382013555792
E2E26993E51DE7584FC94AEAF7692796,1,0.14478295061395813
DA64E7320CDB8525CC6E4451BCB3E8EB,1,0.2890648263178879
4F93FB29D58446A2AE86075B7A4E924D,1,0.43067655807339306
7358CFFB6B71E4205AE2E1EB861525B5,1,0.14987054163194743
D04659FE8914D6168FC7A8D53DC47C8B,1,1.0
F0F03B984C47A0F8FC135B3DE97F7D9D,1,0.20584683246043448
4864CB1E840389B1D55C35BD155F3B66,1,0.24102997346144506
09DC0E68076AB8D599DE9B9098C65D8F,5,0.2723099730055357
6AD120238CFF9A3E4CC3C39DBB902923,3,0.16794877895704194
DA1E745E53C9089B5D08C04AD9F0EDF0,1,0.23540891336663824
43A2CD48B24F263FA30A2E8EA644DC8D,2,0.227670248696953
E49B25E69F69C21E1C1535AB9D98C188,2,0.25
FA20A3EF732AA228847E75C10D1FEE22,1,0.19823986317056053
576B7E3355870374D0AACFB70FFAF4A8,1,0.17718382013555792
77E657DDC0FE29B97BE510DE833505A7,2,0.14608157963242446
233BD68936E8B949ACE6549D188806EA,5,0.2103099178571525
C1ABB089E752786DFDC4FFE5AC2D4FC4,2,0.1854490234153689
29B5075031EC69E2555B8B05B60569A6,4,0.2722394979467803
1EB7BA7A101F35135BA7B4EFD5F69840,1,0.1878991608571657
3684105FA00FABC3A8C99E41A5F3DBFE,1,0.26264953503719357
20DA447F05B2E7D71F511A1DB942A979,2,0.17629143438888212
3441DA9233BA92B6072AE112A232CBFE,1,0.16427204996205025
940BB05DB49027F88EF43193AE65CED4,2,0.3010299956639812
FD33C59432C62DF2DB3A15D0388D49A7,1,0.23981246656813146
3B60F52A264138A22713F7DAE02E274F,3,0.20801459767650948
A73754ECBDA77AD12CC6D5A418F93C08,2,0.3378624949709328
DD8EB50B70384C78902808239B1143E2,5,1.0
843E0CCB5859B04990DF35E3C620EA64,1,0.15292486830283214
F6EECA3238DBB3CF8753F08B882EDEBB,3,0.3562071871080222
4D62BAD5C0BD3FB0B4CD6826EA90BA90,3,1.0
49C9303D4C2EDCE38AE48BF4F9E34027,1,1.0
6F6AF8F4036D9AC97E99C1784FA05F7B,3,0.3010299956639812
70AA1F61D5B070255ABBB25033545F31,3,0.43067655807339306
77153600DAE1D5B0F8CC08789CC4D20A,5,0.4415801103577823
74BD2EB6F7E92193D47B863E7CCF439F,2,0.3856183381698286
02568C6A7C83E08353201A947D64B606,7,0.5
2565A7EF430883FC85C94A229EF071D1,1,0.15117821092177644
EE7C3B19EED91D6145ED6D8B1E94F991,4,0.27894294565112987
5FFE242434D87E4969B7CBB36733E5A2,3,0.21533827903669653
0F21984C93551E85BEC9CDDE31A71045,1,0.27023815442731974
5942311FD3D24CD8FB800D7A39804622,1,0.16730017881017412
A25F7A2E6E1E5FE33A3757B58EA67252,1,0.20584683246043448
80B29A4A2AE8DF9A57EB5196212F05BF,2,0.3562071871080222
17A135C679B3EC8A22F99AA0FFE546AA,1,0.5
AA03B1B228AE748EDDA1A1F3395F3F65,1,0.14804095548293264
3B97C3336D528FE027539DE8AC165BE1,2,0.18665241123894338
F20D26D53B1BEAEF5B3C0C84704CFF04,3,0.146350958075862
925F073475529601A3A96BC175FD309B,1,0.33418508490681226
4E003A265410E6FF541FB0B101C73EEB,4,0.2
F11107FD4C0EED0D901C2B5F9C85F395,1,0.38685280723454163
395517C9BBB7FFF2D0A4DC60F3B51D68,5,0.227670248696953
3A2461BF2093CA46A7366B44E5056903,2,0.14555268036201674
6ABD7796ECED303FBC2C48E44699DC35,2,0.6309297535714575
B6034D1227F54FF8E8DF59D1BFB89520,1,0.15403922195426356
9995B198705514E421701224D96082D0,3,0.16155546744299637
803EC7051CAE88DEF82C8426170BF79C,2,0.22424382421757544
DFDDBE8EA112FD487BF9CC1F6E90AE6B,2,0.23137821315975915
07DA3F6A3F87AEAA24ACA537E3CA2F95,2,0.13870677141314172
26FBBCDBE8FF37BD8DA79F48BABCD219,4,0.1440400303421672
5A3F0846CD17737384D1256FF990835D,1,0.17905223175104137
830CF7188A80E17402D4A319FE90DF8A,1,0.18920035951687003
4B5D957AAF6F19864E0E74FFED06D627,1,0.2103099178571525
990E3C7E763BA379960FFAE92CAC3BE1,3,0.14308844150498737
E6100807708E59854BEFF71E747E3D62,1,0.17376534287144002
29958147FCC29CD4E63CA01A5863653B,3,0.1854490234153689
D06A8C5D3CE7257C0CEB35787721D083,2,1.0
50557DCEF877A9EA566EE2E2BF7D85E8,1,0.16999161628691403
18CCAD78AA80C425BBA7BA9A9E2DEAB8,1,0.27023815442731974
FAC6B6CC6074CFEFEFAD66BDDA31F5C2,9,0.18920035951687003
61822534D9CFF32C82A86A4CC91E4CA4,8,0.1905514124267734
F81FAD2D873EB23BFFDA0860779D610D,1,0.20584683246043448
E4FD77827152DDEEF845F15A95F6C4F4,2,0.3333333333333333
492C27E05272E1BBA03E2D1F865D87B6,1,0.16104477175644444
A666E6779B1D21DF61FC2FE6106E0DC7,1,0.3010299956639812
96EBB6ECADBB2F212857152589DB6A56,1,0.14379806887337757
E91857C24A2B1596FC2460F1723A2731,1,1.0
5D025B1ECD0E7DA098850CE76067CDB3,1,0.23981246656813146
751FC57F86AB1B259031E11616BC70D1,1,1.0
48C670B25141CAC89673A8658026FC70,1,0.2717560303517763
8B8A52CDA5347ABB8C100DCA02093DCA,2,0.6309297535714575
B7D28FC61641BEEC69765B905AC05DB1,2,0.17376534287144002
03112270433C525B2396ACCB06D6A790,1,0.2141026433405307
BDC0A26ABBD365AAA213810F60D68714,1,0.5
20C37CE62D15246289E55AEE1D82E4B7,2,0.6309297535714575
6644F126DE774A5864CAA6319B942A2E,1,0.1442847926987864
5E05C358EDBAC23C5F6E699B2942AF7B,2,0.6309297535714575
BF0607E34A0F2FB7E3ECE29EA52085E1,4,0.3010299956639812
7993CB6AA14272C2F96143AE23340733,1,0.3333333333333333
767E98EA8DF16EB5B95614583D3FC9F4,2,0.17905223175104137
04D44F53DECEBFD482583E38C37DFF34,3,0.26748306989863196
BA242878EE983C0D04E8CB0F8082F414,2,0.21274605355336318
7B62B05B750C12F4FBAD71378BCD0DB0,2,0.13947147282556493
B6BB25041535DE0E299FAF8FC57B8DD6,1,0.14529302083924284
898C40EA2E4AC96356FD789E4276932F,2,0.21533827903669653
C927CE670B0C9FE961D8432CDCDA33C2,2,0.16999161628691403
5C3E1AB3BA99BDD009312B680CA6F6D9,2,0.43067655807339306
BCA1016E0423E30F0FC20A9F7681FC55,2,0.25
0CDB0D989278A723C5208C33EC6251E6,1,0.7420981285103057
E94A9359B00CF6D1D552F9C45F0748E3,5,0.15643778834207153
ACA7E89C859FE02F099007C3EFFEA06B,1,0.15909880786929415
52C930BB725B44DDF12B29CB812C8EA4,3,0.14109421416360957
ABC68BB7274BC36BC71FE2A7F49592B4,3,0.3022231631521188
94DC72A20244A88FADB86E9C4A882278,1,0.1965616322328226
CFE3D43EC9B2DE472F4E801010439769,1,0.14240211088697471
B33ED0A9139A532521E0867656B1DB34,2,0.27023815442731974
D1D90696BC9DAD9BF4153E5209BD7B41,3,0.1905514124267734
A1EA7C547434BC2F4953FE3189BB0A41,1,0.6345958062945959
FC2C017BAC6FEC11B1D1169B6FC24B3A,1,0.21810429198553155
F65F578F9F149FD6AE334A13270D973D,2,0.3562071871080222
D24C8928C45DF7F653775F1C045BDB1A,1,0.16730017881017412
CED98957601733BCC6139F29ABEBF89F,1,0.27964168147385626
E8D82DA41A7E77711C026F27DAA69360,5,0.1949590218937863
C6F536C8C18D05675B810AFBA0723A72,2,0.25
6162C518771F15DFA3299B57B20DF22F,1,0.2472980242509422
5D7D76591608891671CD2A78C791AF9C,1,0.15602106502222501
BD6B5ED7C31AA8DD4D02BE06C78738DC,6,0.16544255391905832
4B48784A54252339FAB453780441F9DA,1,0.15084420062289414
76B98679584E143CFB0753FCA146F951,1,0.43067655807339306
F6FFD27009E182864E4C17367F0A8BC8,1,0.15442266280111014
10BF74AD54557F3E42BC73518DF91F3E,4,0.24465054211822604
D79412D83C667699B8FE2B43A0436BB6,3,0.14804095548293264
6DE42DFA3632D5FCD648E7B465D0FF6B,2,0.3333333333333333
CB573F06F1444C000EF6AF05C9E82D09,6,0.31485134987150176
64B430DFC495ED47C57CB17028FA5FB8,4,0.38685280723454163
09167A0D461754A8B7D7F8D6CDDC2AF7,1,0.16794877895704194
12B31E858CC8B8C48F189C6B7FDAB304,1,0.38685280723454163
A2906CC85EB51AB9A8961A5F94D1C4B7,2,0.38685280723454163
0D034AB15DD3D6BE9198440CAE7E3645,1,1.0
11DC955E19261C1B277B3DD09D514DD5,3,0.1810425967800402
D4B7B64195FF75DE64BFDB99AA2DE7E3,2,0.14987054163194743
3DFAE9D70E93C29EA2EB83B1226AE48F,7,0.18065936823030365
9A2728C9AB9160278A0EBC07C6146203,2,0.14478295061395813
F60C89212E29717FA672DEE117C0A30D,4,0.5
88F2AEFB1AA5B3F750E35766717FBDD3,3,0.31546487678572877
1956332AEC3EA6C350ACB409B33218D2,5,0.31546487678572877
F44800F764115A4A00F2A087C6CECF76,3,0.15186115333086322
7EBF06B2C5D5F06CBD4A945EC70CDE93,1,0.16260831227163416
AF8978FFDE46136991AA0A83D2BF179F,1,1.0
570CB42596A457BBB4F367E990A66D72,2,0.43067655807339306
E0953F8617E481A592F5F09110784160,1,1.0
73EDD124BA47E79BEB50AA594437752D,2,0.20801459767650948
1A56F947F1365FCF0392895B206B7FE5,1,1.0
E0068EA97B5E9CC1ED85641F74B652EB,3,1.0
B9078D604F1DED65ABD9EC78092C78C0,3,0.20584683246043448
D563DE1091E784FB13E8CEB86C474E9A,1,0.15403922195426356
1906987D1924BA2F25AD34F8C5EA92A0,2,0.23981246656813146
EAC19EDC00BA449088B6522831E9A79B,1,0.14987054163194743
1821BC52150B349975CC771839572F27,1,0.1729696904450771
58CEF1D08DF486B2BF1A2ACB1D1AFC06,1,0.3333333333333333
DD1179EA5C423FCB3A25A8388F0224A9,1,0.1949853596231448
30C77B3804061352CD50FBE4E734D655,1,0.27023815442731974
1607738F3F1D460CE714985A1D8BF052,1,0.15366188628986424
9DB7FF788F72D3AF8AB2C3521ADF6C45,5,0.2037950470905062
0E95E2C9253D2183CB08DFBEDAACE73E,2,1.0
91ADBC839E397D534E824BEDCB1204A4,4,0.20184908658209985
F821C6772AD0EE6B144A064DDFB0D8A7,3,0.16929380759878143
96AC755447B2933898B04D65E7C044B6,6,0.26264953503719357
BFC3879C9D1B24C0D54A5689935E8192,2,0.21533827903669653
B235D44C97746B071B3E64707507C461,3,0.17542506358195453
0AF1A4EC72DE04C6CA91691187B58EB6,1,0.1440400303421672
1B8B5285BB9FFF3B15233C0362E63282,1,0.22106472945750374
C53B0A90391570A539711FF1AAC9938D,1,0.3010299956639812
50333D32C4F12A5CDBF1F22346924569,2,0.22106472945750374
26E32F2D49603F6FBC137B66B64D8F5E,1,0.21236500824315876
6EC615C1BB4F71F2773C4A23A318A45D,1,0.15817959093978226
398CC8565AB026FB5256B0CB56CA0D02,1,0.20801459767650948
A892E914264F5E7EFB0816B831754BD1,1,0.3010299956639812
43B7AE15509B83E49667F43F51B97993,3,0.2
DF2D633500B2E9289F8B6C50437563A5,1,0.23981246656813146
D798B6F87EC3362833C6450FB21E322B,1,0.1781035935540111
AD2E9E3BEA6E1E78417DF6182257C8E7,2,0.7235328953148507
EEDEF84A78C432C19AB9BF270E76DF3E,1,0.23981246656813146
2776FFC068D42D274416D21FAA789850,1,0.23137821315975915
CFA8EBFD384B45C7C9B986F3C29773FB,1,0.16999161628691403
0B76FF5E5337770537EE21A9975269ED,3,0.14379806887337757
C09427FEFD9F18E74A30420BE95966F9,3,0.4061461445424221
D6B922077EF23758698C77728A38FF80,2,0.22424382421757544
3D4CBC5348782742921C8C1BA7E65521,2,0.14987054163194743
5DCC89724967B5A42F334E5677DD126E,2,0.1965616322328226
A3484AA66BE6E82ADA6122C963A36C93,5,0.2103099178571525
275A5E57BCFD2BA3DE68C71F925FFB3F,4,0.19195872000656014
83091C4880E82F1DB33371F403A2DDFD,4,0.3333333333333333
82F8B894C9959C0A479454486113801E,1,1.0
3B7264E21D90B0B65698D9F521FD30FD,1,0.27023815442731974
CCA864BE4BDFEEEDA3305865F254CF9A,1,1.0
7B3C637C434D142DBEB0715B6172A3E7,8,0.15442266280111014
82486A54871B843ED39BD779EB82D072,2,0.1468999356504447
30C828DFF6C544B4A1BFE354E26A982F,1,0.38685280723454163
D95C6FD49FD8BB3B2197CC251870535C,1,0.6309297535714575
A7673D3B7C245F8FE160D10646BF552B,1,0.23540891336663824
99EC121D0322B73387CB121E03AAC14C,3,0.17718382013555792
AE2877C793804D5E5855E9CA6AB3E94B,1,0.41831302019878325
825F6AA7D7C814CC59268DCD5ADBC861,5,0.23981246656813146
800A88ABF5F726C1629C2C77FAEB7F82,2,0.6309297535714575
BC9D663406D06F624ADEE7746787BC76,2,0.6309297535714575
CF4FDB717F0D368BB1D589C7A54D4F10,1,1.0
94AEE4349F0ACEA3DECEDEFAC13C5F92,5,0.6309297535714575
D11F02747641B1EE9F82364B9964A108,2,0.1631512196835108
D50A932371C981CD306CA5218E7CA1B6,1,0.17458343004804494
72E007CC20BDC2E68A63EE8FC7ABF4E3,3,0.31546487678572877
04ADBA58D43D20887D51C409576CC9D1,2,0.24465054211822604
5EDC3CFCCD7C9F941246CA83A19376C6,1,0.17376534287144002
50EE315E2153614E65254FFE83CB8C58,1,0.2890648263178879
C868FA9DADF7BD396B0ABAA04756AE00,3,0.26706161862073835
1B7C3A2BAEB94FB76B2087E9F21F2FBB,3,1.0
9424970B008316BFAC68DAB0D01C1B61,1,0.20801459767650948
24B240E4E9B4B9E92381D269D18808C9,7,0.26264953503719357
7D5C1F9A8C15CBAB24A419E30A7A0085,1,0.18422048924556808
BDEEB5ABE642F7CB6261E9881F5E5090,1,0.19195872000656014
8B7DE9078A5E6F7BDFCC283C8AF77DEF,4,0.44844249824872334
0A904D23299213C036DFC1A885B22102,4,0.43067655807339306
3B13EF105125FCE0E40B5B6B6C9BEF11,1,0.21533827903669653
610CD71B929A9503EDA1064CC18D39D2,1,0.13986508659473787
75DB67A90C04C6DAA30A384810822BC4,2,0.15561139140249397
E366D5882F06BA46EC64E4D240EC949C,2,0.24465054211822604
2D840DC7D468255019214ED108BD34FA,7,0.24902881754662184
22030699F82870871FEF64406BC4EB29,1,1.0
A2E0C42921ABCBF86CD5AE0274B8DC07,1,0.15863495891559604
4C686545FF60671C816E1EDFF2ACA869,2,0.15117821092177644
BD248E660EC921769BD8F4E273DA0351,1,0.6309297535714575
A12194D8F7A8752C7126DDD10BB6A4F5,1,0.1781035935540111
7F788E158859D38CB310A1DCCF70528C,1,0.21274605355336318
B2BB02E59296CEDC735F1AE8FECCC308,1,1.0
C52F1A6CB17B544D05E4AFE902D56A36,2,0.5
40E59A9232B4BFF15EB638AF392B400A,2,0.3562071871080222
CC0E60E322C58E76F368CB2CFBBE0C71,4,0.20584683246043448
04033640F51A1D07F9AE24FB99E0E9F0,3,0.227670248696953
28E307439A647DA5540477A59244679F,1,0.25
C14AB166686BEE29B6A11EEB242E0667,1,0.16104477175644444
B0F9A6E57DB054B927EDC0E898C2269F,1,0.16104477175644444
F43237F5CFE92743329742F66760CC45,4,0.31546487678572877
91266AE2156961E5B55ED3DC97725504,1,0.1965616322328226
D88B506CA60314C3A05304FACFEAC927,1,0.5
24B7E97792287F77CFD4957583429167,3,0.22683080928413163
B03AF869814ECF4C96A0BD2C7769A00F,1,1.0
DB0D4D60B5EE98EC2269B391CE4704BB,6,0.227670248696953
AA57136868BA04C07694127726CFB5A4,3,0.14608157963242446
6F27C449F3B539A8AB6E270F6CBD4C6B,2,0.6309297535714575
7D02134ADAA2E8BCDABDE6C0BD00FF66,1,0.6309297535714575
19B8A73C9A80CFB02F7CADA106A15863,3,0.31546487678572877
5C8D374892B18B41D8D4F5B511E04BF7,1,0.15084420062289414
A83A7F97E6B6E362AF1B2485971A98B9,2,0.24000419241337556
E83F329424C10BFDB6F3BF160E5F8781,9,0.16155546744299637
6CD82F956546E437333AF046DE8800AA,4,1.0
0FD294F05D264543E3B2C2D758E30B0C,4,0.15019048322368797
A36CBE76787293E8435C634B004143AC,1,0.19195872000656014
10C353CB4F1FF5199FB1E058008BFE1D,4,0.17219543379409813
8CCBEF4F39ED6794353A0F7A78C01BEB,3,0.1781035935540111
80FE677B6DD54D102F8D322E1237B34A,3,0.21490430937165333
64DE2EA675279E48672BD5F0D2728FCC,3,0.31546487678572877
