epoch,NDCG10,e_time,f1,loss,lr,p10,p5,r1,r10,r5
0,0.036854419857263565,18.980880737304688,0.002329848939552903,6.756341934204102,4.99505e-05,0.006697726435959339,0.00863086711615324,0.01507684774696827,0.06696795672178268,0.04316363111138344
1,0.0767754390835762,22.475083112716675,0.0028434034902602434,6.472510814666748,4.9901002e-05,0.012636500410735607,0.01785719394683838,0.0392388179898262,0.12638819217681885,0.08924880623817444
2,0.11532701551914215,22.4090576171875,0.003753120079636574,6.107893943786621,4.9851504e-05,0.018336068838834763,0.027117887511849403,0.062351077795028687,0.18335601687431335,0.13561731576919556
3,0.15017515420913696,22.511279582977295,0.004185501020401716,5.80637788772583,4.9802005e-05,0.02340860106050968,0.03531493619084358,0.08359614759683609,0.23411381244659424,0.1766025573015213
4,0.1786402016878128,22.590139150619507,0.004939716774970293,5.57824182510376,4.9752507e-05,0.027332009747624397,0.04204609990119934,0.1025838702917099,0.2733340561389923,0.21019800007343292
5,0.2066916823387146,22.27027678489685,0.0064391023479402065,5.385150909423828,4.970301e-05,0.03098880499601364,0.04853666201233864,0.12309043109416962,0.30986031889915466,0.24268336594104767
6,0.23331187665462494,22.42620539665222,0.007994056679308414,5.210550308227539,4.965351e-05,0.034248970448970795,0.05447451397776604,0.1439499855041504,0.34252220392227173,0.27233079075813293
7,0.2540091276168823,22.367734670639038,0.008838184177875519,5.07337760925293,4.9604012e-05,0.03662800416350365,0.05914433300495148,0.1608661562204361,0.3662475645542145,0.2957077920436859
8,0.2687331736087799,20.88109040260315,0.009088706225156784,4.972975254058838,4.9554514e-05,0.03840275853872299,0.06239287555217743,0.17278456687927246,0.38400906324386597,0.3119226098060608
9,0.283063679933548,14.201926469802856,0.009387739934027195,4.881173610687256,4.9505015e-05,0.04004514589905739,0.06559775769710541,0.1841038167476654,0.40048399567604065,0.3280212879180908
10,0.2930041253566742,14.180063724517822,0.00956018827855587,4.819876194000244,4.9455517e-05,0.04113759100437164,0.06788760423660278,0.19257119297981262,0.41137126088142395,0.33944737911224365
11,0.3003275692462921,14.20404577255249,0.009724294766783714,4.771286964416504,4.940602e-05,0.04187843203544617,0.06943617761135101,0.1996590793132782,0.41876107454299927,0.34715765714645386
12,0.306472510099411,14.180018663406372,0.009943538345396519,4.72592830657959,4.935652e-05,0.042629022151231766,0.07093735784292221,0.2043827772140503,0.4262809157371521,0.3546774983406067
13,0.3130000829696655,14.207799196243286,0.01001883763819933,4.689629554748535,4.9307022e-05,0.043291810899972916,0.07237257063388824,0.2103605717420578,0.432922899723053,0.3618629276752472
14,0.31791186332702637,14.200707912445068,0.010116083547472954,4.658695220947266,4.9257524e-05,0.04388308897614479,0.07360157370567322,0.21394167840480804,0.43883100152015686,0.3679939806461334
15,0.3219374120235443,14.193472146987915,0.010206876322627068,4.629319667816162,4.9208025e-05,0.04438795894384384,0.07450545579195023,0.21717441082000732,0.44388914108276367,0.3725086748600006
16,0.3268742859363556,14.201810598373413,0.010305438190698624,4.6003289222717285,4.9158527e-05,0.044849663972854614,0.07536286115646362,0.22214429080486298,0.4485013782978058,0.37685614824295044
17,0.3297678530216217,14.163067817687988,0.010527817532420158,4.581226348876953,4.910903e-05,0.04512370750308037,0.07601499557495117,0.22500081360340118,0.45126035809516907,0.3800378143787384
18,0.33213433623313904,14.172717809677124,0.010443935170769691,4.5627312660217285,4.905953e-05,0.045374546200037,0.07657144218683243,0.2270166277885437,0.45379638671875,0.3828710913658142
19,0.3350556194782257,14.189094543457031,0.01063188910484314,4.545124053955078,4.9010032e-05,0.045705679804086685,0.07708978652954102,0.22982670366764069,0.45706164836883545,0.3854442834854126
20,0.337995707988739,14.17723560333252,0.010703766718506813,4.52330207824707,4.8960534e-05,0.04609677195549011,0.07792770117521286,0.2315313220024109,0.46099573373794556,0.3896338641643524
21,0.34015220403671265,14.185340642929077,0.010692198760807514,4.5064849853515625,4.8911035e-05,0.04634992033243179,0.07831134647130966,0.23326382040977478,0.4634946286678314,0.39158928394317627
22,0.34288209676742554,14.169771194458008,0.010991810820996761,4.490643501281738,4.8861537e-05,0.0466434508562088,0.0790591761469841,0.23553510010242462,0.46649977564811707,0.3953004479408264
23,0.34471869468688965,14.16524362564087,0.011127552948892117,4.476290225982666,4.881204e-05,0.04672986641526222,0.07924588024616241,0.23809899389743805,0.4673311710357666,0.39623403549194336
24,0.34739571809768677,14.189809083938599,0.011083412915468216,4.46140718460083,4.876254e-05,0.04702945426106453,0.07983668893575668,0.2405281960964203,0.47028058767318726,0.39920201897621155
25,0.34950879216194153,14.154057025909424,0.01113204937428236,4.447371959686279,4.8713042e-05,0.04740334302186966,0.08045534789562225,0.24096016585826874,0.47398245334625244,0.4022814929485321
26,0.35070380568504333,14.171249151229858,0.011200771667063236,4.435551643371582,4.8663544e-05,0.04747116565704346,0.08063926547765732,0.24258117377758026,0.47471633553504944,0.4031547009944916
27,0.3531646430492401,14.16617465019226,0.011240188963711262,4.427717685699463,4.8614045e-05,0.04775448888540268,0.08120408654212952,0.24478279054164886,0.4775635600090027,0.4060344696044922
28,0.35382065176963806,14.18492865562439,0.01116500049829483,4.416487216949463,4.8564547e-05,0.047778185456991196,0.08126357197761536,0.2457442581653595,0.4777679145336151,0.4062899053096771
29,0.35597485303878784,14.16942024230957,0.011091772466897964,4.40206241607666,4.851505e-05,0.04801320657134056,0.08175402879714966,0.2477879375219345,0.48014137148857117,0.40882131457328796
30,0.35629600286483765,14.172449350357056,0.01125840749591589,4.396139621734619,4.846555e-05,0.0481228306889534,0.08182927966117859,0.24736061692237854,0.4812282621860504,0.40911391377449036
31,0.3589414358139038,14.161535501480103,0.011368620209395885,4.3810248374938965,4.8416052e-05,0.048387568444013596,0.08250558376312256,0.24964119493961334,0.4839036166667938,0.4125649631023407
32,0.35920971632003784,14.163444757461548,0.011469356715679169,4.374796390533447,4.8366554e-05,0.04840847849845886,0.08260403573513031,0.2500267028808594,0.4840894341468811,0.4130062162876129
33,0.36123642325401306,14.160919189453125,0.011449637822806835,4.367023944854736,4.8317055e-05,0.04862029477953911,0.08293845504522324,0.2517499029636383,0.4861609637737274,0.4147387146949768
34,0.36305198073387146,14.146567583084106,0.011404610238969326,4.354917526245117,4.8267557e-05,0.04882371053099632,0.08324500173330307,0.2538725435733795,0.4882603883743286,0.4162296652793884
35,0.3627043068408966,14.156413793563843,0.011388571932911873,4.34942102432251,4.821806e-05,0.04881119355559349,0.08346147835254669,0.25268349051475525,0.4881303608417511,0.41732117533683777
36,0.36486393213272095,14.138059616088867,0.011324087157845497,4.3385748863220215,4.816856e-05,0.04903179407119751,0.08378380537033081,0.25517308712005615,0.4903040826320648,0.4189329147338867
37,0.3655965328216553,14.169348001480103,0.011425605975091457,4.332395553588867,4.8119062e-05,0.04918135702610016,0.08405227959156036,0.2550337314605713,0.4918043315410614,0.4202752411365509
38,0.3664475977420807,14.170328617095947,0.011377939023077488,4.324859142303467,4.8069563e-05,0.04915580525994301,0.08412471413612366,0.25677087903022766,0.49158602952957153,0.42065146565437317
39,0.36718428134918213,14.169901847839355,0.011410796083509922,4.316824436187744,4.8020065e-05,0.04926449432969093,0.08445077389478683,0.2570542097091675,0.49262645840644836,0.42223069071769714
40,0.36786389350891113,14.150588274002075,0.01157352514564991,4.313257217407227,4.7970567e-05,0.049343012273311615,0.08419625461101532,0.2584058344364166,0.49344393610954285,0.42099517583847046
41,0.36902108788490295,14.14824652671814,0.011555995792150497,4.3050618171691895,4.792107e-05,0.04938385263085365,0.0846979096531868,0.2591675817966461,0.4938526749610901,0.42348942160606384
42,0.36965399980545044,14.15644884109497,0.011602180078625679,4.299530982971191,4.787157e-05,0.04964352399110794,0.08495984226465225,0.2582339644432068,0.49645838141441345,0.4248178005218506
43,0.37115204334259033,14.153907060623169,0.011540241539478302,4.289677619934082,4.782207e-05,0.04970250651240349,0.08520878851413727,0.2606399655342102,0.4970018267631531,0.4260672330856323
44,0.3714126646518707,14.141960144042969,0.01165536418557167,4.289576530456543,4.7772573e-05,0.04972619563341141,0.08508894592523575,0.2610951364040375,0.497257262468338,0.42543092370033264
45,0.37328895926475525,14.159430027008057,0.01166397612541914,4.280533790588379,4.7723075e-05,0.04994496703147888,0.08561009913682938,0.2625907361507416,0.49941709637641907,0.4280644953250885
46,0.37301138043403625,14.165916204452515,0.011598198674619198,4.274008750915527,4.7673577e-05,0.049814917147159576,0.0854363664984703,0.26285549998283386,0.4981212019920349,0.4271773397922516
47,0.37377721071243286,14.145150423049927,0.01165428664535284,4.268792152404785,4.762408e-05,0.05000532791018486,0.08558692038059235,0.26293909549713135,0.5000302195549011,0.4279112219810486
48,0.37444186210632324,14.176778793334961,0.011744524352252483,4.2653961181640625,4.757458e-05,0.0500982366502285,0.08578386157751083,0.26314812898635864,0.5009730458259583,0.42888662219047546
49,0.37605974078178406,14.158815622329712,0.011575797572731972,4.255167484283447,4.752508e-05,0.050313301384449005,0.08612845093011856,0.2645461857318878,0.5031282305717468,0.43064695596694946
50,0.3752914071083069,14.206201553344727,0.011669867672026157,4.255729675292969,4.7475583e-05,0.05014842003583908,0.08606156706809998,0.2641792595386505,0.5014979243278503,0.43033111095428467
51,0.37676602602005005,14.190554857254028,0.011685089208185673,4.248272895812988,4.7426085e-05,0.050315145403146744,0.08629288524389267,0.26564234495162964,0.5031793117523193,0.4314458668231964
52,0.3779307007789612,14.181326150894165,0.01190757192671299,4.242971420288086,4.7376587e-05,0.05044659227132797,0.0866272896528244,0.2664366066455841,0.5045077204704285,0.4331272542476654
53,0.37795203924179077,14.204232215881348,0.011789613403379917,4.238719940185547,4.732709e-05,0.05044938623905182,0.08650746196508408,0.26692894101142883,0.504512369632721,0.4325002133846283
54,0.3786706328392029,14.19867205619812,0.011827650479972363,4.233484268188477,4.727759e-05,0.05061660334467888,0.08672668784856796,0.26682209968566895,0.5061473250389099,0.4336335361003876
55,0.38019824028015137,14.21516728401184,0.01181901153177023,4.2285075187683105,4.722809e-05,0.05076242983341217,0.08697476983070374,0.2685127854347229,0.507605791091919,0.4348922669887543
56,0.38052061200141907,14.214272022247314,0.011898293159902096,4.222552299499512,4.7178593e-05,0.05066351220011711,0.08715216815471649,0.26942315697669983,0.5066396594047546,0.4357794225215912
57,0.381897896528244,14.203611612319946,0.01195569708943367,4.217244625091553,4.7129095e-05,0.05082095414400101,0.08731753379106522,0.27059829235076904,0.5081863403320312,0.43657830357551575
58,0.38214173913002014,14.212353229522705,0.01182375568896532,4.210095405578613,4.7079597e-05,0.05083627998828888,0.08745034784078598,0.27093735337257385,0.5083582401275635,0.4371914267539978
59,0.3827195465564728,14.229584455490112,0.012071303091943264,4.206780910491943,4.70301e-05,0.05094822496175766,0.08762779831886292,0.2708398103713989,0.5094776153564453,0.4381389319896698
60,0.3826977610588074,14.229785680770874,0.01194432470947504,4.205006122589111,4.69806e-05,0.0509110726416111,0.08755437284708023,0.2711324393749237,0.509110689163208,0.43776735663414
61,0.38368386030197144,14.216685056686401,0.011973891407251358,4.200188636779785,4.69311e-05,0.051064375787973404,0.0878349244594574,0.27180591225624084,0.5106434226036072,0.43920257687568665
62,0.38465407490730286,14.21126914024353,0.012042845599353313,4.193881511688232,4.6881603e-05,0.05120416358113289,0.08793623745441437,0.2724979817867279,0.5120786428451538,0.4396809935569763
63,0.384179949760437,14.236409664154053,0.012121045030653477,4.196034908294678,4.6832105e-05,0.051125191152095795,0.08794641494750977,0.2722425162792206,0.5112519264221191,0.4396902918815613
64,0.384154736995697,14.204326868057251,0.011943964287638664,4.19195556640625,4.6782607e-05,0.051170714199543,0.08810155838727951,0.271420419216156,0.5117024183273315,0.4404706060886383
65,0.3861800730228424,14.211013555526733,0.012016152031719685,4.182775974273682,4.673311e-05,0.0513063482940197,0.08817678689956665,0.27466243505477905,0.5130587220191956,0.440883994102478
66,0.38596582412719727,14.21781849861145,0.01196356862783432,4.182415008544922,4.668361e-05,0.051351841539144516,0.08822695165872574,0.2734919786453247,0.5134860277175903,0.4411487281322479
67,0.386355996131897,14.2060227394104,0.01218460313975811,4.176568508148193,4.663411e-05,0.0514192059636116,0.08842949569225311,0.2741793990135193,0.5142245292663574,0.44213342666625977
68,0.38666945695877075,14.23442006111145,0.012211428955197334,4.174620628356934,4.6584613e-05,0.0513792559504509,0.0885353535413742,0.2744627296924591,0.5137972235679626,0.44271400570869446
69,0.38800761103630066,14.217936515808105,0.012179932557046413,4.165834426879883,4.6535115e-05,0.051545076072216034,0.08880386501550674,0.27505260705947876,0.5154925584793091,0.4440145492553711
70,0.38784077763557434,14.200681209564209,0.012124702334403992,4.166278839111328,4.6485617e-05,0.051480527967214584,0.08877319097518921,0.2758747339248657,0.5147818922996521,0.44384732842445374
71,0.39030781388282776,14.221691131591797,0.012123845517635345,4.156150817871094,4.643612e-05,0.05178055539727211,0.08913175016641617,0.27793699502944946,0.5177777409553528,0.44563090801239014
72,0.38916975259780884,14.23316478729248,0.012181754224002361,4.158498764038086,4.638662e-05,0.05167465656995773,0.08890973031520844,0.27683618664741516,0.5167652368545532,0.4445440471172333
73,0.3902921974658966,14.230556964874268,0.012198889628052711,4.151993751525879,4.633712e-05,0.05181167647242546,0.08922838419675827,0.2774307131767273,0.5181214809417725,0.44611862301826477
74,0.3909589648246765,14.201799869537354,0.012258285656571388,4.145692348480225,4.6287623e-05,0.05188503861427307,0.08931104093790054,0.27835965156555176,0.5188460350036621,0.4465552270412445
75,0.39100024104118347,14.220747709274292,0.012238336727023125,4.145256996154785,4.6238125e-05,0.05183442682027817,0.08937422186136246,0.278656929731369,0.5183212161064148,0.44685712456703186
76,0.3909580111503601,14.245715856552124,0.01205762941390276,4.143850326538086,4.6188627e-05,0.05187718942761421,0.08938905596733093,0.27823424339294434,0.5187856554985046,0.4469546675682068
77,0.39070358872413635,14.232229709625244,0.012224857695400715,4.144076347351074,4.613913e-05,0.05190318822860718,0.08934076875448227,0.2776072025299072,0.5190179347991943,0.44670385122299194
78,0.39195042848587036,14.202423572540283,0.012140041217207909,4.1366472244262695,4.608963e-05,0.05197100341320038,0.08957022428512573,0.27964624762535095,0.5197053551673889,0.44786038994789124
79,0.3918815553188324,14.228920459747314,0.012203951366245747,4.134491443634033,4.604013e-05,0.05191711708903313,0.08942623436450958,0.27964624762535095,0.5191433429718018,0.44707542657852173
80,0.39334818720817566,14.207240104675293,0.01211788784712553,4.128604412078857,4.5990633e-05,0.05213076248764992,0.08988603949546814,0.280426561832428,0.5213170647621155,0.4494628310203552
81,0.39271286129951477,14.229323148727417,0.012177340686321259,4.12762451171875,4.5941135e-05,0.052079688757658005,0.08980431407690048,0.27965089678764343,0.5207736492156982,0.448998361825943
82,0.39343830943107605,14.203413009643555,0.012159508652985096,4.124353885650635,4.5891637e-05,0.05204762890934944,0.08990463614463806,0.2809421420097351,0.520499587059021,0.44956037402153015
83,0.3948933184146881,14.209057569503784,0.012137562967836857,4.116240501403809,4.584214e-05,0.0522826723754406,0.09022330492734909,0.281963974237442,0.5228544473648071,0.45113494992256165
84,0.3945824205875397,14.230101823806763,0.012059111148118973,4.1199164390563965,4.579264e-05,0.052218105643987656,0.09013593196868896,0.281861811876297,0.5221670269966125,0.45068904757499695
85,0.39540982246398926,14.210180521011353,0.012184377759695053,4.113183498382568,4.574314e-05,0.052359748631715775,0.09024558961391449,0.2826281785964966,0.523602306842804,0.4512557089328766
86,0.3950372338294983,14.203537940979004,0.012150727212429047,4.112398624420166,4.5693643e-05,0.05238020047545433,0.09030499309301376,0.28155988454818726,0.523806631565094,0.4515158236026764
87,0.3959851562976837,14.20309329032898,0.01216577086597681,4.10877799987793,4.5644145e-05,0.05239182338118553,0.09044530987739563,0.2829068601131439,0.5239181518554688,0.45223575830459595
88,0.39577025175094604,14.190345525741577,0.012013505212962627,4.108748912811279,4.5594647e-05,0.052386704832315445,0.09052705019712448,0.28221479058265686,0.5238531231880188,0.4526677131652832
89,0.39688870310783386,14.188745021820068,0.012140026316046715,4.10423469543457,4.5545148e-05,0.05248795822262764,0.0905613973736763,0.28415629267692566,0.5248888731002808,0.4528024196624756
90,0.3970485031604767,14.20468521118164,0.012090574949979782,4.103390693664551,4.549565e-05,0.05257156118750572,0.09063384681940079,0.2839008569717407,0.5256831049919128,0.45317399501800537
91,0.3970884680747986,14.210200309753418,0.01210189238190651,4.099344253540039,4.544615e-05,0.052538588643074036,0.09086056798696518,0.28336670994758606,0.5253580212593079,0.4543165862560272
92,0.3980247974395752,14.22503662109375,0.012072188779711723,4.094675064086914,4.5396653e-05,0.05264308676123619,0.09100543707609177,0.2844024896621704,0.5264402031898499,0.45501795411109924
93,0.3985194265842438,14.165970802307129,0.012163549661636353,4.092075824737549,4.5347155e-05,0.05259246379137039,0.09100080281496048,0.28588414192199707,0.5259292721748352,0.4549807906150818
94,0.39795738458633423,14.164039134979248,0.012150440365076065,4.090860843658447,4.5297656e-05,0.052597593516111374,0.0909581109881401,0.2844907343387604,0.5259478688240051,0.45475783944129944
95,0.39954954385757446,14.177435874938965,0.012127522379159927,4.08437967300415,4.5248158e-05,0.05279127135872841,0.09130455553531647,0.2857958972454071,0.5279079675674438,0.45653215050697327
96,0.39931464195251465,14.196407556533813,0.012089232914149761,4.086669921875,4.519866e-05,0.05275409296154976,0.0912785604596138,0.2856194078922272,0.5275503396987915,0.4563927948474884
97,0.3997412621974945,14.187534093856812,0.012119479477405548,4.0834197998046875,4.514916e-05,0.05276059731841087,0.09122003614902496,0.28638577461242676,0.5275549292564392,0.4561048150062561
98,0.39952951669692993,14.170220136642456,0.012089814059436321,4.080068111419678,4.5099663e-05,0.05284237116575241,0.09117729961872101,0.28560081124305725,0.5284188985824585,0.45588651299476624
99,0.4008520841598511,14.16805911064148,0.012156300246715546,4.075591564178467,4.5050165e-05,0.05283261835575104,0.09130923449993134,0.28777456283569336,0.5283213257789612,0.45656928420066833
100,0.4003155827522278,14.192000389099121,0.01208486407995224,4.073296546936035,4.5000666e-05,0.05285536125302315,0.09138911962509155,0.28709644079208374,0.528535008430481,0.456968754529953
101,0.4012472331523895,14.169073581695557,0.012134365737438202,4.069741249084473,4.4951168e-05,0.05297008529305458,0.09157861024141312,0.28743085265159607,0.5296868681907654,0.45789769291877747
102,0.40065935254096985,14.187759637832642,0.012098080478608608,4.068435192108154,4.490167e-05,0.05284514278173447,0.09158696979284286,0.28730079531669617,0.5284653306007385,0.4579441547393799
103,0.4019845724105835,14.199369192123413,0.012324990704655647,4.061956405639648,4.485217e-05,0.05303790792822838,0.09196506440639496,0.2876584529876709,0.5303789377212524,0.4598020315170288
104,0.4023423492908478,14.182006597518921,0.012245966121554375,4.060822486877441,4.4802673e-05,0.05303137004375458,0.09171700477600098,0.28917261958122253,0.5303232073783875,0.45858046412467957
105,0.4032365679740906,14.165802955627441,0.012253810651600361,4.056840896606445,4.4753175e-05,0.05316934362053871,0.09214340895414352,0.2888660728931427,0.531711995601654,0.46070775389671326
106,0.4033903181552887,14.175296545028687,0.01245160959661007,4.055038928985596,4.4703676e-05,0.05326874181628227,0.09205608814954758,0.28901469707489014,0.5327199101448059,0.46028509736061096
107,0.40315353870391846,14.20293664932251,0.012394571676850319,4.053868770599365,4.4654178e-05,0.053180031478405,0.09216758608818054,0.2885827422142029,0.5318188071250916,0.46084246039390564
108,0.4024692177772522,14.170255899429321,0.012484029866755009,4.053239822387695,4.460468e-05,0.0530550591647625,0.09192511439323425,0.2890286445617676,0.5305786728858948,0.4596766233444214
109,0.4031504690647125,14.193538904190063,0.012493990361690521,4.051770210266113,4.455518e-05,0.053108956664800644,0.09204772114753723,0.2895999550819397,0.531075656414032,0.460275799036026
110,0.4045068025588989,14.219117164611816,0.012487887404859066,4.047237873077393,4.4505683e-05,0.05329475924372673,0.09209789335727692,0.29113271832466125,0.5329567790031433,0.4604894518852234
111,0.40356823801994324,14.176400899887085,0.012494350783526897,4.0448431968688965,4.4456185e-05,0.05336303636431694,0.09234312176704407,0.2885037958621979,0.5336163640022278,0.46170639991760254
112,0.40458446741104126,14.166190385818481,0.012593980878591537,4.04355001449585,4.4406686e-05,0.05340670049190521,0.09231247752904892,0.2901573181152344,0.5340808033943176,0.4615856111049652
113,0.4052542746067047,14.187798738479614,0.01267699059098959,4.036735534667969,4.4357188e-05,0.05352095514535904,0.09254565834999084,0.29057997465133667,0.5352187752723694,0.46267250180244446
114,0.4055686295032501,14.189523458480835,0.01262329239398241,4.034858226776123,4.430769e-05,0.05348843336105347,0.09259489923715591,0.29057997465133667,0.5348936319351196,0.4629743993282318
115,0.40586093068122864,14.18303656578064,0.012736081145703793,4.034865856170654,4.425819e-05,0.053447090089321136,0.09271284192800522,0.29153215885162354,0.5344942212104797,0.46356427669525146
116,0.4054208993911743,14.212195634841919,0.012604850344359875,4.036666393280029,4.4208693e-05,0.05343269556760788,0.09251685440540314,0.29116058349609375,0.5343177318572998,0.46259352564811707
117,0.4062359929084778,14.214938402175903,0.012739598751068115,4.03018856048584,4.4159195e-05,0.05352328345179558,0.09268499165773392,0.2921638488769531,0.5352327227592468,0.46343421936035156
118,0.40654245018959045,14.186225414276123,0.012682219967246056,4.030214786529541,4.4109696e-05,0.053559478372335434,0.09284383803606033,0.29197806119918823,0.5355671644210815,0.4641866683959961
119,0.4077785313129425,14.21342134475708,0.012752610258758068,4.022437572479248,4.4060198e-05,0.05358782783150673,0.09304726123809814,0.293984591960907,0.5358876585960388,0.4652642607688904
120,0.40742915868759155,14.189452171325684,0.012872038409113884,4.021887302398682,4.40107e-05,0.05363800376653671,0.0929710865020752,0.2929255962371826,0.5364264249801636,0.46482765674591064
121,0.4077584445476532,14.20547103881836,0.012841742485761642,4.022276401519775,4.39612e-05,0.05364960804581642,0.0930277481675148,0.29381272196769714,0.5365239381790161,0.46517136693000793
122,0.407321035861969,14.181262254714966,0.012853930704295635,4.019920349121094,4.3911703e-05,0.05364266782999039,0.09300548583269119,0.2926747798919678,0.5364124774932861,0.4650459587574005
123,0.4079943597316742,14.18183445930481,0.012889230623841286,4.016849517822266,4.3862205e-05,0.05370349809527397,0.09309837222099304,0.29394277930259705,0.5370302200317383,0.4654732644557953
124,0.40828192234039307,14.193939924240112,0.012772666290402412,4.015007972717285,4.3812706e-05,0.053699761629104614,0.09304357320070267,0.2941146492958069,0.5370209813117981,0.46521782875061035
125,0.40842628479003906,14.211230993270874,0.012823347933590412,4.0151686668396,4.3763208e-05,0.05371462181210518,0.09333991259336472,0.2938266694545746,0.537141740322113,0.46666696667671204
126,0.40991124510765076,14.196671485900879,0.012831768952310085,4.0077667236328125,4.371371e-05,0.05388879030942917,0.093559131026268,0.2958239018917084,0.5388974547386169,0.4678049385547638
127,0.4093153476715088,14.174176216125488,0.012822163291275501,4.008575439453125,4.366421e-05,0.053822875022888184,0.09320243448019028,0.29512718319892883,0.538223922252655,0.4659934937953949
128,0.4092465937137604,14.18900465965271,0.01276701781898737,4.010045051574707,4.3614713e-05,0.05380476266145706,0.0933946743607521,0.294709175825119,0.5380520820617676,0.4670153260231018
129,0.4104212820529938,14.193955421447754,0.012841823510825634,3.999878168106079,4.3565215e-05,0.05385306477546692,0.09353495389223099,0.29655778408050537,0.5385351181030273,0.4676934778690338
130,0.4105624556541443,14.17126178741455,0.012886932119727135,4.002931118011475,4.3515716e-05,0.0539138987660408,0.09360461682081223,0.2962930202484131,0.539157509803772,0.46805110573768616
131,0.4103057086467743,14.210859060287476,0.012722020037472248,3.9998157024383545,4.3466218e-05,0.05392318218946457,0.09352760016918182,0.2959725260734558,0.5392132997512817,0.46760058403015137
132,0.4104838967323303,14.181848287582397,0.012973329983651638,4.000942707061768,4.341672e-05,0.053903691470623016,0.09360464662313461,0.2962651550769806,0.539055347442627,0.46800467371940613
133,0.4113837480545044,14.199150562286377,0.012933890335261822,3.997002363204956,4.336722e-05,0.05405927449464798,0.09378672391176224,0.29682716727256775,0.5405788421630859,0.46891966462135315
134,0.4114045798778534,14.175777673721313,0.012931340374052525,3.9927501678466797,4.3317723e-05,0.05405601114034653,0.0938350260257721,0.2967528700828552,0.5405648946762085,0.46915656328201294
135,0.41072601079940796,14.185975551605225,0.012859329581260681,3.992135524749756,4.3268225e-05,0.054041627794504166,0.09360186010599136,0.2957356572151184,0.5404394865036011,0.4680650532245636
136,0.4123184084892273,14.187925577163696,0.012894799932837486,3.9891855716705322,4.3218726e-05,0.05413452163338661,0.09403383731842041,0.29740312695503235,0.541335940361023,0.4701644778251648
137,0.41199442744255066,14.182897567749023,0.012853028252720833,3.9875059127807617,4.3169228e-05,0.05412058159708977,0.09417501837015152,0.29687362909317017,0.5412337183952332,0.4708936810493469
138,0.4122665822505951,14.216251611709595,0.013042940758168697,3.9849655628204346,4.311973e-05,0.05418559908866882,0.09406447410583496,0.29711514711380005,0.5418654084205627,0.4703456163406372
139,0.41162601113319397,14.178411960601807,0.013005979359149933,3.9883031845092773,4.307023e-05,0.05409318953752518,0.09387402981519699,0.2965995669364929,0.5409364700317383,0.46939343214035034
140,0.4127633571624756,14.184367179870605,0.01294336374849081,3.983879566192627,4.3020733e-05,0.054283637553453445,0.0941619873046875,0.297235906124115,0.5428593754768372,0.4708147346973419
141,0.4126436710357666,14.171842098236084,0.012995133176445961,3.9817094802856445,4.2971235e-05,0.05416841432452202,0.09411835670471191,0.29800695180892944,0.5416796207427979,0.4706149995326996
142,0.41286981105804443,14.174377202987671,0.012935827486217022,3.9826691150665283,4.2921736e-05,0.05425203591585159,0.09420197457075119,0.2977096736431122,0.5425296425819397,0.47101446986198425
143,0.41421836614608765,14.159842252731323,0.012965873815119267,3.973844289779663,4.2872238e-05,0.05434166640043259,0.09437011927366257,0.29950255155563354,0.5433796048164368,0.47185981273651123
144,0.4136585593223572,14.198567867279053,0.012808186933398247,3.9716646671295166,4.282274e-05,0.05427572503685951,0.09425393491983414,0.2990891635417938,0.5427572131156921,0.4712699055671692
145,0.413825124502182,14.167633771896362,0.01292085088789463,3.9734432697296143,4.277324e-05,0.05438767001032829,0.0943162590265274,0.2984342575073242,0.5438487529754639,0.47156718373298645
146,0.4140870273113251,14.177340745925903,0.013064669445157051,3.9706926345825195,4.2723743e-05,0.054376062005758286,0.09425676614046097,0.29905664920806885,0.5437697768211365,0.4713163673877716
147,0.4149622619152069,14.186702728271484,0.013013194315135479,3.9698562622070312,4.2674244e-05,0.054392796009778976,0.09461534023284912,0.3000366985797882,0.5439276695251465,0.4730488657951355
148,0.4150307774543762,14.177061080932617,0.013058274984359741,3.9676096439361572,4.2624746e-05,0.05438580363988876,0.09454382210969925,0.3002735674381256,0.5438812375068665,0.4727051556110382
149,0.414861798286438,14.163191556930542,0.013227378018200397,3.967590093612671,4.2575248e-05,0.05441831797361374,0.09444721788167953,0.3003478944301605,0.5441970825195312,0.4722592532634735
150,0.4151938259601593,14.184401273727417,0.012995555996894836,3.963395357131958,4.252575e-05,0.05445916950702667,0.09461812674999237,0.3004268407821655,0.544587254524231,0.473123162984848
151,0.41629543900489807,14.190657615661621,0.013087627477943897,3.9584860801696777,4.247625e-05,0.0546082928776741,0.09487085044384003,0.30094242095947266,0.54609215259552,0.4743818938732147
152,0.4158821105957031,14.202898740768433,0.013033818453550339,3.9595448970794678,4.2426753e-05,0.0545794703066349,0.09476863592863083,0.3006497919559479,0.5457856059074402,0.47381988167762756
153,0.4160352051258087,14.178125381469727,0.013164535164833069,3.958824396133423,4.2377254e-05,0.05456926301121712,0.09469705820083618,0.3006405234336853,0.5456787347793579,0.4734947681427002
154,0.41668185591697693,14.195149183273315,0.01312732882797718,3.957054615020752,4.2327756e-05,0.05459388345479965,0.09494513273239136,0.30172738432884216,0.5459063649177551,0.47473955154418945
155,0.4165937304496765,14.189305067062378,0.013261448591947556,3.9538042545318604,4.2278258e-05,0.05461061745882034,0.09496185928583145,0.30141153931617737,0.5461432337760925,0.47482314705848694
156,0.41583454608917236,14.20596694946289,0.013250298798084259,3.9583568572998047,4.222876e-05,0.05454230308532715,0.09484107792377472,0.30085882544517517,0.545455813407898,0.4742054045200348
157,0.4171164333820343,14.183865070343018,0.013286874629557133,3.9505488872528076,4.217926e-05,0.05454418063163757,0.09510023891925812,0.3026563227176666,0.5454418659210205,0.47550129890441895
158,0.4179888367652893,14.194534301757812,0.013122184202075005,3.946162462234497,4.2129763e-05,0.054697468876838684,0.09515226632356644,0.3029443025588989,0.5469467639923096,0.4757474660873413
159,0.41745951771736145,14.18901777267456,0.013300112448632717,3.9476113319396973,4.2080264e-05,0.05468861758708954,0.0951225683093071,0.3021918535232544,0.5469235777854919,0.4755941927433014
160,0.4172337055206299,14.20594334602356,0.013196846470236778,3.9473915100097656,4.2030766e-05,0.0546022392809391,0.09507425874471664,0.3025309145450592,0.54598069190979,0.47539910674095154
161,0.4182089567184448,14.214229345321655,0.013132963329553604,3.946002721786499,4.1981268e-05,0.054748084396123886,0.09526653587818146,0.3032369315624237,0.5474252104759216,0.4764070212841034
162,0.41824212670326233,14.204567670822144,0.01330591831356287,3.9421489238739014,4.193177e-05,0.05470861494541168,0.09513930231332779,0.3038732409477234,0.5470907688140869,0.47570565342903137
163,0.419646680355072,14.20371413230896,0.013294008560478687,3.939004421234131,4.188227e-05,0.05492086708545685,0.09553409367799759,0.30448636412620544,0.5492227077484131,0.47765645384788513
164,0.41793376207351685,14.209468364715576,0.013299264945089817,3.942822217941284,4.1832773e-05,0.0547768697142601,0.09516248106956482,0.3024055063724518,0.5477502942085266,0.4758264124393463
165,0.41921111941337585,14.225499153137207,0.013383728452026844,3.9369559288024902,4.1783274e-05,0.05495290458202362,0.09550341218709946,0.30314403772354126,0.5495432019233704,0.47756820917129517
166,0.4190865159034729,14.218226671218872,0.013262956403195858,3.935610055923462,4.1733776e-05,0.054825179278850555,0.09543467313051224,0.30422160029411316,0.5482798218727112,0.47715482115745544
167,0.4190472960472107,14.219426155090332,0.013293911702930927,3.935671091079712,4.1684278e-05,0.054919932037591934,0.09533435851335526,0.30372461676597595,0.5491948127746582,0.47663459181785583
168,0.4194261431694031,14.197173833847046,0.013200760819017887,3.9344513416290283,4.163478e-05,0.05489766597747803,0.09545699506998062,0.3038639724254608,0.5489208102226257,0.47728487849235535
169,0.41964221000671387,14.215289831161499,0.013221736066043377,3.9314186573028564,4.158528e-05,0.05488232150673866,0.09551644325256348,0.30474647879600525,0.5487861037254333,0.47757282853126526
170,0.4198096990585327,14.205593585968018,0.013177303597331047,3.9327383041381836,4.1535783e-05,0.05491764470934868,0.09560464322566986,0.30459317564964294,0.5491809248924255,0.4780373275279999
171,0.42000338435173035,14.2159583568573,0.013349801301956177,3.9307050704956055,4.1486284e-05,0.05494874715805054,0.09554710239171982,0.305206298828125,0.549464225769043,0.4777446985244751
172,0.42053651809692383,14.214815855026245,0.013308176770806313,3.927722692489624,4.1436786e-05,0.05505416914820671,0.09563250839710236,0.3050994575023651,0.5505650043487549,0.4781720042228699
173,0.42100515961647034,14.239150047302246,0.01323491707444191,3.9219777584075928,4.1387288e-05,0.0551154799759388,0.09599854052066803,0.3050019145011902,0.5511874556541443,0.4799788296222687
174,0.42062607407569885,14.214800119400024,0.013284030370414257,3.9216132164001465,4.133779e-05,0.05502167344093323,0.09594839811325073,0.3049369156360626,0.5502259731292725,0.47975587844848633
175,0.42011746764183044,14.203971147537231,0.01332186907529831,3.9246749877929688,4.128829e-05,0.05498916283249855,0.0957709476351738,0.30469071865081787,0.5498961806297302,0.4788222908973694
176,0.42099660634994507,14.228874206542969,0.013292890042066574,3.9224655628204346,4.1238793e-05,0.055139653384685516,0.09602269530296326,0.3049461841583252,0.5514103770256042,0.4801042377948761
177,0.42040568590164185,14.193771839141846,0.013224640861153603,3.920626163482666,4.1189294e-05,0.05507322773337364,0.09576071053743362,0.30461177229881287,0.5507136583328247,0.47885942459106445
178,0.4214782416820526,14.192010641098022,0.013282522559165955,3.918835401535034,4.1139796e-05,0.055120136588811874,0.09604224562644958,0.3062281310558319,0.5511966943740845,0.4802435636520386
179,0.4214017391204834,14.197192192077637,0.013424779288470745,3.916184663772583,4.1090298e-05,0.0551043376326561,0.09603478759527206,0.30598196387290955,0.5511177778244019,0.4801878333091736
180,0.42242032289505005,14.186276912689209,0.013246908783912659,3.913560390472412,4.10408e-05,0.05526738613843918,0.09621220827102661,0.3062281310558319,0.5526830554008484,0.48100996017456055
181,0.4224999248981476,14.187499046325684,0.013315600343048573,3.91105318069458,4.09913e-05,0.055183760821819305,0.09609701484441757,0.30747294425964355,0.5518098473548889,0.4804432988166809
182,0.4224693179130554,14.201244592666626,0.013386975042521954,3.908912420272827,4.0941803e-05,0.05521626025438309,0.0961955189704895,0.3069620132446289,0.5521117448806763,0.4809495806694031
183,0.42258545756340027,14.182941675186157,0.013310126960277557,3.9082412719726562,4.0892304e-05,0.05519165098667145,0.0961332693696022,0.30768659710884094,0.5519444942474365,0.4806523025035858
184,0.4225347936153412,14.151052474975586,0.013269195333123207,3.909884452819824,4.0842806e-05,0.0552683100104332,0.09605616331100464,0.30710598826408386,0.5527015924453735,0.48028072714805603
185,0.4228815734386444,14.147324562072754,0.013381004333496094,3.908250093460083,4.0793308e-05,0.05519445613026619,0.0962335616350174,0.3077794909477234,0.5519630908966064,0.4811725318431854
186,0.42375466227531433,14.159963846206665,0.013279307633638382,3.904322624206543,4.074381e-05,0.055368173867464066,0.09641749411821365,0.3081510663032532,0.5536537766456604,0.4821246862411499
187,0.42298877239227295,14.152045965194702,0.013368502259254456,3.9025826454162598,4.069431e-05,0.05530315265059471,0.09632370620965958,0.306855171918869,0.5529989004135132,0.48161840438842773
188,0.42280176281929016,14.142281293869019,0.013488370925188065,3.904240608215332,4.0644813e-05,0.055312421172857285,0.09631906449794769,0.3068830370903015,0.5531057119369507,0.4816044867038727
189,0.4234684407711029,14.168173551559448,0.01366784330457449,3.9021267890930176,4.0595314e-05,0.055366288870573044,0.09623731672763824,0.30781200528144836,0.5536630749702454,0.481214314699173
190,0.4234651029109955,14.15916919708252,0.013382010161876678,3.9034595489501953,4.0545816e-05,0.055338893085718155,0.09644262492656708,0.3077237606048584,0.5534215569496155,0.4822036623954773
191,0.42438337206840515,14.186542510986328,0.013425513170659542,3.8981151580810547,4.0496318e-05,0.05548102408647537,0.09670360386371613,0.30796992778778076,0.5547963976860046,0.4835134744644165
192,0.4241962432861328,14.197351694107056,0.013494119048118591,3.89534854888916,4.044682e-05,0.05542808771133423,0.09657175838947296,0.30847620964050293,0.5543133616447449,0.4828539192676544
193,0.4240680932998657,14.189085245132446,0.01350738387554884,3.899542808532715,4.039732e-05,0.05539138242602348,0.09657447040081024,0.3081742823123932,0.5539045929908752,0.48282140493392944
194,0.42387980222702026,14.204816579818726,0.013430172577500343,3.8985700607299805,4.0347823e-05,0.055439241230487823,0.09644999355077744,0.30761227011680603,0.5544062256813049,0.4822593927383423
195,0.4246531128883362,14.21406078338623,0.013318347744643688,3.8950390815734863,4.0298324e-05,0.055510737001895905,0.09668038040399551,0.308401882648468,0.5551029443740845,0.48336485028266907
196,0.42479023337364197,14.217147827148438,0.013299781829118729,3.8941924571990967,4.0248826e-05,0.05542809143662453,0.09673149138689041,0.30908000469207764,0.5543272495269775,0.4836481809616089
197,0.42629116773605347,14.20632266998291,0.013457373715937138,3.8857362270355225,4.0199327e-05,0.05565613508224487,0.09692471474409103,0.31046879291534424,0.556575357913971,0.4846096336841583
198,0.4257332980632782,14.225102663040161,0.01338769681751728,3.885262966156006,4.014983e-05,0.05556697025895119,0.09687454998493195,0.3098045885562897,0.555688202381134,0.4843727648258209
199,0.4258810579776764,14.207742929458618,0.013475158251821995,3.8867762088775635,4.010033e-05,0.05555303022265434,0.0968150869011879,0.31025514006614685,0.5555070638656616,0.4840336740016937
200,0.42606961727142334,14.215770244598389,0.013506507501006126,3.885442018508911,4.0050832e-05,0.05562455207109451,0.09691915661096573,0.3100554049015045,0.5562734007835388,0.48460498452186584
201,0.42567020654678345,14.187663316726685,0.013505622744560242,3.8860042095184326,4.0001334e-05,0.055576276034116745,0.09705384820699692,0.3093819320201874,0.555753231048584,0.4852738380432129
202,0.4265905022621155,14.208960771560669,0.013540247455239296,3.8815863132476807,3.9951836e-05,0.055639419704675674,0.09710399061441422,0.3106406629085541,0.5563988089561462,0.4855153560638428
203,0.4267512261867523,14.189393043518066,0.013586551882326603,3.8814878463745117,3.9902337e-05,0.05568215623497963,0.09693678468465805,0.31104010343551636,0.556788980960846,0.4846467971801758
204,0.4254731833934784,14.2087082862854,0.013571122661232948,3.881948232650757,3.985284e-05,0.05554744973778725,0.09675656259059906,0.30983710289001465,0.5555024147033691,0.4838293194770813
205,0.42692670226097107,14.19279932975769,0.013553222641348839,3.8767340183258057,3.980334e-05,0.05570210888981819,0.097182996571064,0.3106081485748291,0.5569794178009033,0.485933393239975
206,0.4269053041934967,14.172470808029175,0.013534748926758766,3.878074884414673,3.9753842e-05,0.05567752197384834,0.0969618633389473,0.31114691495895386,0.5567982792854309,0.4848558008670807
207,0.4278333783149719,14.200862407684326,0.013604583218693733,3.8761584758758545,3.9704344e-05,0.05579224228858948,0.09727400541305542,0.31201550364494324,0.5578991174697876,0.4863699972629547
208,0.42709195613861084,14.218432903289795,0.01360279880464077,3.8759684562683105,3.9654846e-05,0.05572579428553581,0.09704916924238205,0.3114256262779236,0.5572302341461182,0.48528310656547546
209,0.42819076776504517,14.183011531829834,0.013526943512260914,3.8735885620117188,3.9605347e-05,0.05586189031600952,0.09741521626710892,0.3118436336517334,0.5586097240447998,0.4871084988117218
210,0.4277634918689728,14.20390009880066,0.013570123352110386,3.8706858158111572,3.955585e-05,0.055885590612888336,0.09732881933450699,0.31102150678634644,0.5588512420654297,0.4866858422756195
211,0.4280276894569397,14.223456144332886,0.013638649135828018,3.871370315551758,3.950635e-05,0.055831730365753174,0.0972842201590538,0.31182506680488586,0.5583264231681824,0.48641642928123474
212,0.4274751842021942,14.202569484710693,0.013689760118722916,3.871835708618164,3.9456852e-05,0.05582428723573685,0.0972275361418724,0.3110029399394989,0.5582242012023926,0.4861098825931549
213,0.4283733367919922,14.191235065460205,0.0135616110637784,3.867889881134033,3.9407354e-05,0.055953897535800934,0.09738364070653915,0.3114999234676361,0.5595619082450867,0.4869459271430969
214,0.42848649621009827,14.209740161895752,0.013727339915931225,3.8659253120422363,3.9357856e-05,0.055859100073575974,0.09751363843679428,0.3122848868370056,0.5585957765579224,0.487559050321579
215,0.4283848702907562,14.188523530960083,0.013698809780180454,3.866849660873413,3.9308357e-05,0.055831700563430786,0.09734739363193512,0.31276795268058777,0.5583217740058899,0.4867647886276245
216,0.4288378357887268,14.186593532562256,0.013657706789672375,3.865504503250122,3.925886e-05,0.05593111738562584,0.09759725630283356,0.3121269643306732,0.5593064427375793,0.4880235195159912
217,0.4292905628681183,14.180675983428955,0.013826793059706688,3.8613669872283936,3.920936e-05,0.055977098643779755,0.09753598272800446,0.313288152217865,0.5597383975982666,0.4877076745033264
218,0.42988449335098267,14.202353715896606,0.013803774490952492,3.859055519104004,3.9159862e-05,0.056004032492637634,0.09761398285627365,0.31419387459754944,0.560040295124054,0.48804208636283875
219,0.4300000071525574,14.225303173065186,0.013855624943971634,3.8585782051086426,3.9110364e-05,0.05605790764093399,0.09780719876289368,0.31368759274482727,0.5605930685997009,0.489040732383728
220,0.4292207658290863,14.197073221206665,0.01379233319312334,3.859320878982544,3.9060866e-05,0.05594179406762123,0.09745513647794724,0.313199907541275,0.5594272017478943,0.48727571964263916
221,0.4297415018081665,14.194453001022339,0.013813504949212074,3.8576111793518066,3.9011367e-05,0.0560527965426445,0.09781834483146667,0.3130001723766327,0.5605372786521912,0.489105761051178
222,0.4307314455509186,14.172932147979736,0.013836154714226723,3.8520102500915527,3.896187e-05,0.056161947548389435,0.09784159809350967,0.3140963315963745,0.5615870356559753,0.4892590343952179
223,0.42907243967056274,14.200968027114868,0.013890193775296211,3.8574624061584473,3.891237e-05,0.05599937215447426,0.09753967821598053,0.3122430741786957,0.5600124597549438,0.48772627115249634
224,0.4301494061946869,14.193533897399902,0.013723012059926987,3.8556902408599854,3.8862872e-05,0.056042592972517014,0.0978657454252243,0.31400808691978455,0.5604165196418762,0.48930081725120544
225,0.4302878975868225,14.199329614639282,0.013594684191048145,3.8538811206817627,3.8813374e-05,0.05615682899951935,0.09789270907640457,0.31327423453330994,0.5615405440330505,0.48945873975753784
226,0.43083566427230835,14.202693223953247,0.013791747391223907,3.8479437828063965,3.8763876e-05,0.056181956082582474,0.0979958176612854,0.3139198422431946,0.5618239045143127,0.48998361825942993
227,0.4310539960861206,14.203808307647705,0.013961597345769405,3.851222276687622,3.8714377e-05,0.05608018860220909,0.09782394766807556,0.31521108746528625,0.5608159899711609,0.48911502957344055
228,0.430395245552063,14.165731191635132,0.013966701924800873,3.8485307693481445,3.866488e-05,0.05612429976463318,0.09782113879919052,0.3137758672237396,0.5612432956695557,0.48913824558258057
229,0.4291738271713257,14.15110468864441,0.01398194208741188,3.8572099208831787,3.861538e-05,0.05592182278633118,0.09773850440979004,0.3130234181880951,0.559218168258667,0.4887341558933258
230,0.4312465786933899,14.155847787857056,0.013741512782871723,3.8485593795776367,3.8565882e-05,0.056234389543533325,0.09812397509813309,0.31444934010505676,0.5623719692230225,0.49061065912246704
231,0.43079349398612976,14.186759948730469,0.013829921372234821,3.8492701053619385,3.8516384e-05,0.056209322065114975,0.0980515256524086,0.3138315975666046,0.5621118545532227,0.4902344346046448
232,0.43230387568473816,14.15256118774414,0.013825426809489727,3.84283185005188,3.8466886e-05,0.05629665032029152,0.09824659675359726,0.3159914016723633,0.5629525780677795,0.4912748336791992
233,0.4321517050266266,14.192821264266968,0.01395116001367569,3.8430392742156982,3.8417387e-05,0.056170783936977386,0.09813790023326874,0.31662774085998535,0.5616984963417053,0.4906710386276245
234,0.4324670433998108,14.176686763763428,0.01380214188247919,3.8394815921783447,3.836789e-05,0.05628551170229912,0.09821595996618271,0.31626078486442566,0.5628596544265747,0.4911169111728668
235,0.4317133128643036,14.173984050750732,0.013844103552401066,3.839768409729004,3.831839e-05,0.05628737062215805,0.09828654676675797,0.31455618143081665,0.5628736019134521,0.49142810702323914
236,0.43267351388931274,14.182478427886963,0.013856467790901661,3.8381097316741943,3.8268892e-05,0.05634494498372078,0.09829678386449814,0.3158799111843109,0.5634031295776367,0.49147921800613403
237,0.4328595697879791,14.188799142837524,0.013814084231853485,3.83624267578125,3.8219394e-05,0.05628318712115288,0.0982661023736,0.3172222673892975,0.5627992749214172,0.49133986234664917
238,0.4332720935344696,14.204617738723755,0.013873396441340446,3.833235025405884,3.8169896e-05,0.05636725202202797,0.09848254919052124,0.31696680188179016,0.5636724829673767,0.49239423871040344
239,0.4325704872608185,14.199436902999878,0.01384794246405363,3.838336944580078,3.8120397e-05,0.056410904973745346,0.09829586744308472,0.3152993321418762,0.5640626549720764,0.49150708317756653
240,0.4322028160095215,14.219918251037598,0.013938997872173786,3.8369174003601074,3.80709e-05,0.05621075630187988,0.09821972250938416,0.31610286235809326,0.5621258020401001,0.4910936951637268
241,0.43324485421180725,14.199371814727783,0.01400287076830864,3.832308769226074,3.80214e-05,0.056378379464149475,0.09847794473171234,0.3167159855365753,0.5637978911399841,0.492380291223526
242,0.4331224262714386,14.196494340896606,0.013634856790304184,3.8339529037475586,3.7971902e-05,0.056339845061302185,0.09843984246253967,0.3168739080429077,0.5633612871170044,0.4921945035457611
243,0.434837281703949,14.190596342086792,0.013909566216170788,3.8272488117218018,3.7922404e-05,0.05647175386548042,0.09871570765972137,0.318820059299469,0.5647222399711609,0.4935646951198578
244,0.4331538677215576,14.206860542297363,0.014053783379495144,3.8316962718963623,3.7872906e-05,0.0562952496111393,0.09841657429933548,0.3173708915710449,0.5629386305809021,0.49205052852630615
245,0.43274110555648804,14.183821678161621,0.013968870043754578,3.8311080932617188,3.7823407e-05,0.0563008189201355,0.09831163287162781,0.3165673613548279,0.5630083084106445,0.49154889583587646
246,0.43314287066459656,14.182854175567627,0.013919442892074585,3.8299434185028076,3.777391e-05,0.05636027082800865,0.09836738556623459,0.31665095686912537,0.5636260509490967,0.49181827902793884
247,0.4341019093990326,14.19640564918518,0.014047772623598576,3.8275506496429443,3.772441e-05,0.05648198351264,0.09860982745885849,0.31746378540992737,0.5647872686386108,0.4930584132671356
248,0.43312421441078186,14.200835943222046,0.014059650711715221,3.828556776046753,3.7674912e-05,0.05639883503317833,0.09841477125883102,0.31639084219932556,0.563983678817749,0.49208304286003113
249,0.4345957934856415,14.197188377380371,0.014088195748627186,3.8233275413513184,3.7625414e-05,0.05647965520620346,0.09880952537059784,0.31823480129241943,0.5647733211517334,0.4940849244594574
250,0.43492642045021057,14.195661067962646,0.014100576750934124,3.823228120803833,3.7575915e-05,0.05651496350765228,0.0987965315580368,0.31862032413482666,0.5651634931564331,0.49396416544914246
251,0.43379083275794983,14.19506573677063,0.013936923816800117,3.822808027267456,3.7526417e-05,0.056423913687467575,0.09854760020971298,0.31723618507385254,0.5642252564430237,0.49271008372306824
252,0.4347505271434784,14.183773517608643,0.013979519717395306,3.8188514709472656,3.747692e-05,0.05647363141179085,0.09871847182512283,0.3186296224594116,0.5647686719894409,0.49359720945358276
253,0.43520861864089966,14.1951584815979,0.014143142849206924,3.8168728351593018,3.742742e-05,0.05659065395593643,0.09883929789066315,0.3186342716217041,0.5659112930297852,0.4942149817943573
254,0.4361351728439331,14.223057985305786,0.014045561663806438,3.816239595413208,3.7377922e-05,0.05664872005581856,0.09912914037704468,0.31935420632362366,0.5664918422698975,0.4956594705581665
255,0.4354601800441742,14.134020805358887,0.014027575962245464,3.8155272006988525,3.7328424e-05,0.056559979915618896,0.09894701093435287,0.3188154101371765,0.565572202205658,0.4947119653224945
256,0.43545427918434143,14.159504175186157,0.014122613705694675,3.816753387451172,3.7278925e-05,0.05662411451339722,0.09892476350069046,0.3189779818058014,0.5662317872047424,0.4946655035018921
257,0.4352612793445587,14.143903493881226,0.014038548804819584,3.815990924835205,3.7229427e-05,0.056686338037252426,0.09898417443037033,0.31767743825912476,0.5668727159500122,0.4949209690093994
258,0.4358689785003662,14.186386585235596,0.014059602282941341,3.8115429878234863,3.717993e-05,0.056659404188394547,0.0990389883518219,0.31925201416015625,0.5665940642356873,0.4951624870300293
259,0.4353504478931427,14.171212673187256,0.014100046828389168,3.814446449279785,3.713043e-05,0.05655676871538162,0.09875474870204926,0.3191405236721039,0.5655954480171204,0.49375978112220764
260,0.4363440275192261,14.16815447807312,0.014153148047626019,3.8096160888671875,3.7080932e-05,0.056686826050281525,0.0990854799747467,0.3195725083351135,0.5668913125991821,0.49543190002441406
261,0.4350062310695648,14.183234453201294,0.01413862593472004,3.81510066986084,3.7031434e-05,0.056565120816230774,0.09870734810829163,0.3183741569519043,0.5656697750091553,0.4935554265975952
262,0.4361286163330078,14.127123594284058,0.014184104278683662,3.8082516193389893,3.6981935e-05,0.056614361703395844,0.09905946999788284,0.31991156935691833,0.5660877823829651,0.49530184268951416
263,0.43665459752082825,14.160321712493896,0.014151334762573242,3.8080906867980957,3.6932437e-05,0.056762050837278366,0.09915884584188461,0.3196282386779785,0.5676159262657166,0.49582669138908386
264,0.4351177215576172,14.128115177154541,0.014216539449989796,3.812495708465576,3.688294e-05,0.05655257776379585,0.09874357283115387,0.31923341751098633,0.5655118227005005,0.49372726678848267
265,0.4375917613506317,14.132300615310669,0.014114884659647942,3.8046789169311523,3.683344e-05,0.056765783578157425,0.09923037141561508,0.32127711176872253,0.5676994919776917,0.49616575241088867
266,0.43660447001457214,14.147703170776367,0.014130571857094765,3.8075544834136963,3.6783942e-05,0.05668962746858597,0.09922200441360474,0.3197582960128784,0.566909909248352,0.4961100220680237
267,0.43680742383003235,14.116399049758911,0.014232109300792217,3.8060295581817627,3.6734444e-05,0.05674207955598831,0.09925549477338791,0.3194796144962311,0.5674579739570618,0.49632367491722107
268,0.437648206949234,14.118985176086426,0.014178721234202385,3.8003451824188232,3.6684945e-05,0.05686795338988304,0.0993446409702301,0.32050609588623047,0.568647027015686,0.49671849608421326
269,0.4371498227119446,14.154136657714844,0.01430820394307375,3.8056867122650146,3.6635447e-05,0.05677458643913269,0.09940031915903091,0.32019490003585815,0.5677134394645691,0.4969971776008606
270,0.4381101429462433,14.139011144638062,0.014158910140395164,3.7977683544158936,3.658595e-05,0.05679688602685928,0.09954065829515457,0.32171836495399475,0.5679782032966614,0.49767065048217773
271,0.43757304549217224,14.132957458496094,0.014141066931188107,3.801368474960327,3.653645e-05,0.05676530301570892,0.09927593171596527,0.3215140104293823,0.5676391124725342,0.4963933527469635
272,0.4386242926120758,14.183929443359375,0.014210368506610394,3.7975914478302,3.6486952e-05,0.05696549266576767,0.09949883818626404,0.3217555284500122,0.5696874260902405,0.4974662959575653
273,0.43781518936157227,14.124413251876831,0.014230416156351566,3.800269603729248,3.6437454e-05,0.056912556290626526,0.09944398701190948,0.3206825852394104,0.5691254138946533,0.49722012877464294
274,0.4377844035625458,14.131498098373413,0.014355149120092392,3.7999539375305176,3.6387955e-05,0.056894879788160324,0.09948860853910446,0.3205525279045105,0.5689721703529358,0.4974105656147003
275,0.43756943941116333,14.149494409561157,0.014296088367700577,3.797929048538208,3.6338457e-05,0.05686934292316437,0.09945054352283478,0.3205432593822479,0.568702757358551,0.4972851574420929
276,0.4375436305999756,14.160619497299194,0.01427465584129095,3.7969117164611816,3.628896e-05,0.05680850148200989,0.0993102490901947,0.32045963406562805,0.5681082606315613,0.4965187609195709
277,0.438024640083313,14.186649560928345,0.014339780434966087,3.7980148792266846,3.623946e-05,0.05682428181171417,0.09935669600963593,0.3218623697757721,0.5682243704795837,0.49679744243621826
278,0.43896767497062683,14.215816974639893,0.014343969523906708,3.79058575630188,3.6189962e-05,0.05692927911877632,0.09966138005256653,0.32240113615989685,0.5692833662033081,0.49832093715667725
279,0.4387320876121521,14.185288667678833,0.014298800379037857,3.7921037673950195,3.6140464e-05,0.05692417174577713,0.09965584427118301,0.32202956080436707,0.5691904425621033,0.4982791244983673
280,0.4386739134788513,14.195546627044678,0.014468187466263771,3.791325092315674,3.6090965e-05,0.0570240244269371,0.09955831617116928,0.3215000629425049,0.5702401995658875,0.4978100061416626
281,0.43971094489097595,14.20141077041626,0.014237159863114357,3.7891063690185547,3.6041467e-05,0.05703330039978027,0.09974875301122665,0.32316288352012634,0.570328414440155,0.4986971616744995
282,0.4389730393886566,14.195742130279541,0.014265763573348522,3.7895569801330566,3.599197e-05,0.05691113695502281,0.099609375,0.3228888511657715,0.5691208243370056,0.49806082248687744
283,0.4399915039539337,14.180125713348389,0.014353102073073387,3.786869764328003,3.594247e-05,0.057089969515800476,0.09982670843601227,0.32313966751098633,0.5708486437797546,0.49913838505744934
284,0.43977847695350647,14.170682430267334,0.01430308073759079,3.7846570014953613,3.5892972e-05,0.05699104815721512,0.09974780678749084,0.3236691653728485,0.5698964595794678,0.49874359369277954
285,0.43924736976623535,14.186380386352539,0.01420412678271532,3.7877719402313232,3.5843474e-05,0.056966427713632584,0.09973108023405075,0.32276809215545654,0.5696224570274353,0.4986739158630371
286,0.43894800543785095,14.18803095817566,0.014265604317188263,3.7885851860046387,3.5793975e-05,0.05694136396050453,0.09948118776082993,0.32240113615989685,0.569413423538208,0.4974151849746704
287,0.43987923860549927,14.186868906021118,0.0143746268004179,3.785182237625122,3.5744477e-05,0.057122018188238144,0.09984717518091202,0.3230096101760864,0.5711923241615295,0.49924522638320923
288,0.4402337372303009,14.218178987503052,0.014420767314732075,3.77962327003479,3.569498e-05,0.057019855827093124,0.09984719753265381,0.3240918219089508,0.5702030062675476,0.49921736121177673
289,0.44033241271972656,14.18669056892395,0.014313566498458385,3.7803306579589844,3.564548e-05,0.057117827236652374,0.09986855834722519,0.32342764735221863,0.571159839630127,0.4993334710597992
290,0.4398530125617981,14.198279619216919,0.014353960752487183,3.7806928157806396,3.5595982e-05,0.05709183216094971,0.09998097270727158,0.322103887796402,0.5709601044654846,0.4998815655708313
291,0.4389555752277374,14.186096429824829,0.01433174405246973,3.787105083465576,3.5546484e-05,0.057059332728385925,0.09979517757892609,0.3210448920726776,0.5705792307853699,0.49892938137054443
292,0.4404417872428894,14.200875520706177,0.014356967061758041,3.778574228286743,3.5496985e-05,0.0570853054523468,0.10001438111066818,0.323673814535141,0.5708811283111572,0.5000813007354736
293,0.4420095682144165,14.19338345527649,0.014390924945473671,3.7729177474975586,3.5447487e-05,0.057292018085718155,0.10022802650928497,0.32491394877433777,0.5729387998580933,0.5011727809906006
294,0.44076231122016907,14.185474872589111,0.014411416836082935,3.777148485183716,3.539799e-05,0.057123854756355286,0.10005521774291992,0.3241197168827057,0.5712527632713318,0.500262439250946
295,0.44130754470825195,14.18669581413269,0.01442404743283987,3.7726027965545654,3.534849e-05,0.05718148872256279,0.10036371648311615,0.32407790422439575,0.5718193650245667,0.5017951726913452
296,0.44035056233406067,14.206480264663696,0.014547903090715408,3.7781622409820557,3.5298992e-05,0.05708717927336693,0.10003947466611862,0.32349729537963867,0.5708904266357422,0.5001974105834961
297,0.44138211011886597,14.179029703140259,0.014292696490883827,3.7725963592529297,3.5249494e-05,0.05720839649438858,0.10013699531555176,0.32408255338668823,0.5721073746681213,0.5006850957870483
298,0.44109082221984863,14.190843105316162,0.014328760094940662,3.777440309524536,3.5199995e-05,0.057269249111413956,0.10005618631839752,0.3234880268573761,0.572674036026001,0.5002902746200562
299,0.4412108361721039,14.196998834609985,0.014465644024312496,3.7726948261260986,3.5150497e-05,0.05721629783511162,0.10008224099874496,0.324486643075943,0.5721398591995239,0.500420331954956
300,0.4419403374195099,14.202037811279297,0.014510702341794968,3.769090414047241,3.5101e-05,0.057213522493839264,0.1003088727593422,0.32543882727622986,0.5721259713172913,0.5015815496444702
301,0.44105100631713867,14.189008474349976,0.014446540735661983,3.773899555206299,3.50515e-05,0.05721445009112358,0.10019271075725555,0.3234926760196686,0.5721398591995239,0.5010055899620056
302,0.4413042962551117,14.199763536453247,0.014634608291089535,3.7725613117218018,3.5002002e-05,0.05716243386268616,0.10029861330986023,0.3244912922382355,0.5716428756713867,0.5015211701393127
303,0.4428333640098572,14.18380069732666,0.014637402258813381,3.7663235664367676,3.4952503e-05,0.057365406304597855,0.1004779264330864,0.32578253746032715,0.5736122727394104,0.5023711323738098
304,0.44224026799201965,14.187756776809692,0.014586779288947582,3.7713170051574707,3.4903005e-05,0.05728921294212341,0.10039712488651276,0.3250858187675476,0.5728784203529358,0.5020274519920349
305,0.441927045583725,14.185469627380371,0.014508030377328396,3.767033100128174,3.4853507e-05,0.05728273093700409,0.1004287376999855,0.32437053322792053,0.5728040933609009,0.50211101770401
306,0.44238078594207764,14.192826271057129,0.0145394466817379,3.76442551612854,3.480401e-05,0.0573287159204483,0.10048722475767136,0.32492324709892273,0.5732731819152832,0.5024501085281372
307,0.4422321319580078,14.220718383789062,0.014509864151477814,3.768911123275757,3.475451e-05,0.057338930666446686,0.10035998374223709,0.32489073276519775,0.5733985900878906,0.501785933971405
308,0.44230523705482483,14.206376075744629,0.01460452564060688,3.767111301422119,3.470501e-05,0.05733521282672882,0.10032281279563904,0.32520657777786255,0.573366105556488,0.5016186833381653
309,0.4423166811466217,14.157822132110596,0.014559607021510601,3.7654733657836914,3.4655513e-05,0.057262275367975235,0.10043609142303467,0.32533198595046997,0.5726322531700134,0.5021992921829224
310,0.4431842565536499,14.187694787979126,0.014422215521335602,3.761556625366211,3.4606015e-05,0.05737145245075226,0.10058940947055817,0.3263445496559143,0.5737097859382629,0.5029284954071045
311,0.4424004554748535,14.180880546569824,0.014342540875077248,3.7649147510528564,3.4556517e-05,0.05727574974298477,0.100343257188797,0.32570821046829224,0.5727530121803284,0.5017116069793701
312,0.4422093331813812,14.195247411727905,0.014436136931180954,3.7634987831115723,3.450702e-05,0.05728132650256157,0.10041757673025131,0.3253830671310425,0.5728180408477783,0.5021063685417175
313,0.44357818365097046,14.197407722473145,0.014550969935953617,3.7598764896392822,3.445752e-05,0.05744435265660286,0.1006934642791748,0.3265535533428192,0.5744808316230774,0.5034858584403992
314,0.44332414865493774,14.152084112167358,0.014622869901359081,3.756739854812622,3.440802e-05,0.0574638694524765,0.10054205358028412,0.3260287046432495,0.5746619701385498,0.5027148723602295
315,0.44377079606056213,14.164472579956055,0.014668956398963928,3.756584882736206,3.4358523e-05,0.0573282465338707,0.10067210346460342,0.3276311457157135,0.5732638835906982,0.5033512115478516
316,0.44328573346138,14.180516719818115,0.014508740976452827,3.760502576828003,3.4309025e-05,0.057451315224170685,0.10057085752487183,0.3259311616420746,0.5745226144790649,0.502830982208252
317,0.4436279535293579,14.156718969345093,0.01440448872745037,3.755228281021118,3.4259527e-05,0.05746156722307205,0.10072600841522217,0.3263724148273468,0.5746294856071472,0.503643810749054
318,0.4443952739238739,14.164912462234497,0.01443948782980442,3.7554872035980225,3.421003e-05,0.057557232677936554,0.10069531202316284,0.3270505368709564,0.5755444765090942,0.503476619720459
319,0.44512245059013367,14.176359415054321,0.014524044468998909,3.752002716064453,3.416053e-05,0.05753820016980171,0.10091831535100937,0.3282070755958557,0.5753633379936218,0.5045773983001709
320,0.44332146644592285,14.176875591278076,0.014500088058412075,3.757603406906128,3.411103e-05,0.05745967477560043,0.1007380560040474,0.3258150517940521,0.5745783448219299,0.5037041902542114
321,0.4432193636894226,14.176154851913452,0.014503305777907372,3.758626937866211,3.4061533e-05,0.05751264467835426,0.1006646603345871,0.32507187128067017,0.575103223323822,0.5033186674118042
322,0.4441275894641876,14.16101884841919,0.014468405395746231,3.753093957901001,3.4012035e-05,0.05749267339706421,0.1008281335234642,0.3270877003669739,0.5749731659889221,0.5041454434394836
323,0.44528934359550476,14.158967971801758,0.01459528598934412,3.7470004558563232,3.3962537e-05,0.05757347121834755,0.10091178119182587,0.3286018967628479,0.5757116675376892,0.5045402646064758
324,0.4451221823692322,14.176045179367065,0.014488857239484787,3.7478103637695312,3.391304e-05,0.05763712152838707,0.10090991109609604,0.32754752039909363,0.5763619542121887,0.5045727491378784
325,0.4443982243537903,14.194455623626709,0.014499302953481674,3.751617908477783,3.386354e-05,0.05751775577664375,0.10075847804546356,0.3271945118904114,0.5751914978027344,0.5037413239479065
326,0.4432297646999359,14.189111471176147,0.01442145835608244,3.7537779808044434,3.381404e-05,0.057462483644485474,0.10068418830633163,0.32542023062705994,0.5746294856071472,0.5034440755844116
327,0.44446560740470886,14.171262741088867,0.014652241952717304,3.752199649810791,3.3764543e-05,0.05756375193595886,0.10085606575012207,0.32670682668685913,0.5756374001502991,0.504289448261261
328,0.44487544894218445,14.181139945983887,0.014670394361019135,3.7470099925994873,3.3715045e-05,0.057518236339092255,0.10080306231975555,0.32820242643356323,0.5751775503158569,0.5040200352668762
329,0.4443965554237366,14.17118525505066,0.014694152399897575,3.751441717147827,3.3665547e-05,0.05749405920505524,0.10074268281459808,0.32766827940940857,0.574945330619812,0.5037041902542114
330,0.4456477165222168,14.15579628944397,0.014598292298614979,3.745889186859131,3.361605e-05,0.057593006640672684,0.10111799836158752,0.3289688229560852,0.5759578347206116,0.5055853128433228
331,0.44542360305786133,14.172820091247559,0.01467042975127697,3.7466816902160645,3.356655e-05,0.05773188918828964,0.10112821310758591,0.32728278636932373,0.5773187875747681,0.5056456923484802
332,0.4449837803840637,14.162158012390137,0.0146543700248003,3.7460896968841553,3.351705e-05,0.05753355473279953,0.1008346751332283,0.32798877358436584,0.5753633379936218,0.5041872262954712
333,0.4451821446418762,14.16678786277771,0.014800877310335636,3.745487928390503,3.3467553e-05,0.05753865838050842,0.10089413076639175,0.32869940996170044,0.5754051208496094,0.5045216679573059
334,0.44553953409194946,14.202732801437378,0.014708895236253738,3.74273419380188,3.3418055e-05,0.05773649364709854,0.10110775381326675,0.3274964392185211,0.5773652195930481,0.5055342316627502
335,0.44606325030326843,14.197753190994263,0.014778710901737213,3.7423367500305176,3.3368557e-05,0.05769611522555351,0.1012917086482048,0.328504353761673,0.5769518613815308,0.5064585208892822
336,0.44534480571746826,14.173947095870972,0.01478265505284071,3.7423126697540283,3.331906e-05,0.057659413665533066,0.10104460269212723,0.32751965522766113,0.5766313672065735,0.505195140838623
337,0.44617214798927307,14.167643785476685,0.014824386686086655,3.739518165588379,3.326956e-05,0.0577569380402565,0.10126291960477829,0.3286251127719879,0.5775696039199829,0.5063098669052124
338,0.4463629722595215,14.172636270523071,0.014819893054664135,3.7374460697174072,3.322006e-05,0.05764596164226532,0.10112632811069489,0.32977235317230225,0.5764641165733337,0.5055946111679077
339,0.44633030891418457,14.18732500076294,0.014743123203516006,3.7399730682373047,3.3170563e-05,0.057696111500263214,0.10108362138271332,0.3298652470111847,0.5769703984260559,0.5053948760032654
340,0.44619372487068176,14.19530439376831,0.014781252481043339,3.737499713897705,3.3121065e-05,0.05771051347255707,0.1012173518538475,0.32863903045654297,0.5770819187164307,0.5060915946960449
341,0.4459936320781708,14.203305721282959,0.014666466042399406,3.739222764968872,3.3071567e-05,0.05771421641111374,0.101190485060215,0.3288619816303253,0.5771469473838806,0.5059429407119751
342,0.4461043179035187,14.193739175796509,0.014798708260059357,3.7398030757904053,3.302207e-05,0.05777785927057266,0.10110686719417572,0.3281281292438507,0.5777693390846252,0.5055527687072754
343,0.4462594985961914,14.191195964813232,0.014707984402775764,3.7376980781555176,3.297257e-05,0.05771840736269951,0.10109571367502213,0.32919642329216003,0.5771747827529907,0.5054552555084229
344,0.44661498069763184,14.174412250518799,0.014921166934072971,3.735018253326416,3.292307e-05,0.05765523016452789,0.10120809078216553,0.32993027567863464,0.5765384435653687,0.5060915946960449
345,0.4475969076156616,14.20818543434143,0.01471761055290699,3.7306249141693115,3.2873573e-05,0.05788236856460571,0.1013873964548111,0.33011141419410706,0.5788608193397522,0.5069555044174194
346,0.44751429557800293,14.15694546699524,0.01488144788891077,3.7336559295654297,3.2824075e-05,0.057913027703762054,0.10156667977571487,0.3297584354877472,0.5791023373603821,0.507819414138794
347,0.4464798867702484,14.1843421459198,0.014791371300816536,3.733905553817749,3.2774577e-05,0.057723529636859894,0.10127221792936325,0.32908493280410767,0.5772351622581482,0.5063563585281372
348,0.44708454608917236,14.17266845703125,0.014885026961565018,3.7357122898101807,3.272508e-05,0.057802464812994,0.10141060501337051,0.3297537863254547,0.5780433416366577,0.5070484280586243
349,0.4471379518508911,14.158349514007568,0.014905956573784351,3.7297518253326416,3.267558e-05,0.057806216180324554,0.10130750387907028,0.33000460267066956,0.5780572891235352,0.5065328478813171
350,0.44830960035324097,14.172616004943848,0.014799520373344421,3.726346015930176,3.262608e-05,0.05797572806477547,0.101585254073143,0.33097535371780396,0.5797851085662842,0.5079030394554138
351,0.44643837213516235,14.188615798950195,0.014877418987452984,3.7332231998443604,3.2576583e-05,0.057788074016571045,0.10137999057769775,0.3283696472644806,0.5779132843017578,0.5069230198860168
352,0.4467989206314087,14.164052963256836,0.014900250360369682,3.7320265769958496,3.2527085e-05,0.05779551714658737,0.10146725177764893,0.3288341164588928,0.5779458284378052,0.5072945952415466
353,0.4480406939983368,14.165944576263428,0.01487316656857729,3.724757432937622,3.2477587e-05,0.05795158073306084,0.10152115672826767,0.3305712640285492,0.5794878602027893,0.5076708197593689
354,0.44778770208358765,14.156858444213867,0.014940021559596062,3.7262659072875977,3.2428088e-05,0.05787912756204605,0.10148771107196808,0.3305387496948242,0.5788097381591797,0.5074060559272766
355,0.4480695128440857,14.182028770446777,0.014876450411975384,3.726532459259033,3.237859e-05,0.05781874060630798,0.10158155858516693,0.3309614062309265,0.5782012939453125,0.5079169869422913
356,0.44767889380455017,14.180402994155884,0.015008915215730667,3.726071834564209,3.232909e-05,0.057856835424900055,0.10144773125648499,0.33063629269599915,0.5785914063453674,0.5072527527809143
357,0.4477977752685547,14.196899652481079,0.01505560427904129,3.7245285511016846,3.2279593e-05,0.057838715612888336,0.10151835530996323,0.3307802677154541,0.5783731341362,0.5075685977935791
358,0.4497296214103699,14.172030448913574,0.01500960998237133,3.7192907333374023,3.2230095e-05,0.05805421993136406,0.10204417258501053,0.3323548436164856,0.5805747509002686,0.510202169418335
359,0.4481627643108368,14.187992334365845,0.015024576336145401,3.721864700317383,3.2180596e-05,0.057865168899297714,0.10159920156002045,0.33087316155433655,0.5786471962928772,0.5080145001411438
360,0.4489346742630005,14.182376861572266,0.01502211019396782,3.71848201751709,3.2131098e-05,0.05795109644532204,0.10170044749975204,0.33160704374313354,0.5794832110404968,0.5084789991378784
361,0.4487460255622864,14.179991006851196,0.015047662891447544,3.7184855937957764,3.20816e-05,0.057935766875743866,0.10169024020433426,0.33150485157966614,0.5793763995170593,0.5084789991378784
362,0.44900786876678467,14.172348022460938,0.01493008341640234,3.7203502655029297,3.20321e-05,0.05801334232091904,0.1019178107380867,0.3313097655773163,0.5801613330841064,0.5095937252044678
363,0.44786229729652405,14.164756536483765,0.015023703686892986,3.7255663871765137,3.1982603e-05,0.05789952725172043,0.10150445252656937,0.3305201530456543,0.5789815783500671,0.5075454115867615
364,0.4493662714958191,14.182899951934814,0.0149718401953578,3.719520092010498,3.1933105e-05,0.058024972677230835,0.10180819779634476,0.33210867643356323,0.5802496075630188,0.5090874433517456
365,0.44996926188468933,14.178615808486938,0.014980926178395748,3.7190020084381104,3.1883606e-05,0.05808999389410019,0.10198841243982315,0.33294472098350525,0.5808766484260559,0.5099560022354126
366,0.4492681324481964,14.170881271362305,0.015170473605394363,3.71524977684021,3.1834108e-05,0.057963188737630844,0.10183421522378922,0.33228516578674316,0.5796365141868591,0.5091849565505981
367,0.44989970326423645,14.166805028915405,0.015064964070916176,3.7152860164642334,3.178461e-05,0.05808998644351959,0.10196336358785629,0.33217835426330566,0.5808534026145935,0.5098074078559875
368,0.4496670663356781,14.198055982589722,0.015098401345312595,3.715425729751587,3.173511e-05,0.05807142332196236,0.10200607031583786,0.33182069659233093,0.5807326436042786,0.5100303292274475
369,0.4492155611515045,14.197526931762695,0.01514805480837822,3.715596914291382,3.1685613e-05,0.05798455700278282,0.10179239511489868,0.33173710107803345,0.579831600189209,0.5089202523231506
370,0.44933322072029114,14.18009090423584,0.015051566995680332,3.7136809825897217,3.1636115e-05,0.058078356087207794,0.10184723883867264,0.3314816355705261,0.580802321434021,0.5092267990112305
371,0.45020705461502075,14.185268878936768,0.015016946010291576,3.71342134475708,3.1586616e-05,0.05811508744955063,0.10196610540151596,0.33307477831840515,0.5812017917633057,0.5098445415496826
372,0.44906002283096313,14.18880820274353,0.015196623280644417,3.7151029109954834,3.1537118e-05,0.0580393522977829,0.10171902179718018,0.3312586843967438,0.5803378820419312,0.5086137056350708
373,0.44995173811912537,14.167639970779419,0.01515699177980423,3.714571714401245,3.148762e-05,0.05796551704406738,0.10184910148382187,0.33343705534935,0.5796968936920166,0.5092175006866455
374,0.4498887062072754,14.206096172332764,0.015267663635313511,3.7098703384399414,3.143812e-05,0.058043528348207474,0.10202187299728394,0.33281001448631287,0.5804957747459412,0.510090708732605
375,0.4492438733577728,14.173158645629883,0.015003626234829426,3.7160801887512207,3.1388623e-05,0.058026812970638275,0.10193454474210739,0.33168134093284607,0.5802449584007263,0.5096819996833801
376,0.4501394033432007,14.205875396728516,0.015139887109398842,3.710465669631958,3.1339125e-05,0.058062124997377396,0.1019224300980568,0.33314910531044006,0.5805933475494385,0.5096030235290527
377,0.4507516026496887,14.183248043060303,0.015095694921910763,3.7077412605285645,3.1289626e-05,0.058141078799963,0.10218910872936249,0.33289363980293274,0.5814293622970581,0.5109685659408569
378,0.4504258632659912,14.189471006393433,0.015195723623037338,3.7096710205078125,3.1240128e-05,0.05819728970527649,0.10207296907901764,0.3328564763069153,0.5820053219795227,0.5103926062583923
379,0.44990724325180054,14.196159362792969,0.01497113797813654,3.7109899520874023,3.119063e-05,0.05803285911679268,0.10201903432607651,0.3325174152851105,0.5803192853927612,0.5100767612457275
380,0.4497194290161133,14.187653541564941,0.015085013583302498,3.7094247341156006,3.114113e-05,0.058171749114990234,0.10209615528583527,0.33113792538642883,0.5816848278045654,0.5104622840881348
381,0.4498387277126312,14.199445724487305,0.015257230959832668,3.709710121154785,3.1091633e-05,0.05798130854964256,0.10202553123235703,0.3329122066497803,0.5798176527023315,0.5101603865623474
382,0.45063063502311707,14.160037279129028,0.015364672057330608,3.7079837322235107,3.1042135e-05,0.058142002671957016,0.10206272453069687,0.333269864320755,0.5814247131347656,0.5103043913841248
383,0.45001742243766785,14.176605463027954,0.015202399343252182,3.711702346801758,3.0992636e-05,0.05806722119450569,0.10195685178041458,0.33252206444740295,0.5806118845939636,0.5097748637199402
384,0.4508466422557831,14.196379661560059,0.015283235348761082,3.702958583831787,3.0943138e-05,0.058167558163404465,0.10203303396701813,0.3336367905139923,0.5816848278045654,0.5101139545440674
385,0.4510068893432617,14.190948247909546,0.015253035351634026,3.706113338470459,3.089364e-05,0.058224208652973175,0.10224573314189911,0.33320948481559753,0.5822328925132751,0.5112333297729492
386,0.45148980617523193,14.209993124008179,0.015176394954323769,3.7026145458221436,3.084414e-05,0.05824790522456169,0.10230522602796555,0.334249883890152,0.582493007183075,0.5115770101547241
387,0.4516068994998932,14.187141180038452,0.015227130614221096,3.6981422901153564,3.0794643e-05,0.058212149888277054,0.10239992290735245,0.33411985635757446,0.5821632146835327,0.5120136141777039
388,0.4517104923725128,14.19371771812439,0.015284438617527485,3.7012269496917725,3.0745145e-05,0.05832502618432045,0.10237856209278107,0.33388760685920715,0.5832547545433044,0.5118882060050964
389,0.45111435651779175,14.178261041641235,0.015097841620445251,3.7017951011657715,3.0695646e-05,0.058228857815265656,0.1021556556224823,0.3335671126842499,0.5823025703430176,0.5107548832893372
390,0.4515393376350403,14.198423385620117,0.015113960951566696,3.701599359512329,3.0646148e-05,0.05826369300484657,0.10223271697759628,0.33399444818496704,0.5826416611671448,0.5111683011054993
391,0.4511276185512543,14.207689762115479,0.015148047357797623,3.700552225112915,3.059665e-05,0.05818193778395653,0.10198657959699631,0.334161639213562,0.5818102359771729,0.5099281668663025
392,0.4521242380142212,14.18448543548584,0.015361699275672436,3.699164390563965,3.054715e-05,0.0583217591047287,0.10253927856683731,0.3339805006980896,0.5832129716873169,0.5126499533653259
393,0.4513351321220398,14.16509199142456,0.01546100340783596,3.7024731636047363,3.0497651e-05,0.05816476792097092,0.10219094902276993,0.3345007002353668,0.5816290974617004,0.5109918117523193
394,0.4515877664089203,14.171200037002563,0.015253715217113495,3.699354648590088,3.0448151e-05,0.05822514742612839,0.10243716090917587,0.3341848850250244,0.5822747349739075,0.5121529698371887
395,0.4515025019645691,14.194154739379883,0.01519713457673788,3.699148416519165,3.039865e-05,0.05827856808900833,0.10244449228048325,0.33330237865448,0.5827577710151672,0.5121762156486511
396,0.4511984884738922,14.157992601394653,0.015349527820944786,3.697699546813965,3.034915e-05,0.0582483746111393,0.1023358479142189,0.3330143988132477,0.5825023055076599,0.5116559863090515
397,0.45281994342803955,14.16347885131836,0.015341905876994133,3.6952247619628906,3.029965e-05,0.05834311991930008,0.10251419991254807,0.3354018032550812,0.5834498405456543,0.5125895738601685
398,0.45143142342567444,14.186155319213867,0.015368958935141563,3.6998279094696045,3.025015e-05,0.05827159807085991,0.10237576067447662,0.3335671126842499,0.5826927423477173,0.5118650197982788
399,0.4530404210090637,14.154285907745361,0.015313192270696163,3.689741373062134,3.020065e-05,0.05831850692629814,0.10263034701347351,0.3360567092895508,0.583185076713562,0.5131515860557556
400,0.45262548327445984,14.182860136032104,0.015272395685315132,3.6948015689849854,3.015115e-05,0.05834497883915901,0.10265076160430908,0.3346121907234192,0.5834544897079468,0.5132584571838379
401,0.45227476954460144,14.190277576446533,0.015334852039813995,3.693124771118164,3.010165e-05,0.05830640718340874,0.10241755843162537,0.33501163125038147,0.583082914352417,0.5121018886566162
402,0.45300498604774475,14.192078113555908,0.015293200500309467,3.6922550201416016,3.005215e-05,0.05841279402375221,0.10274552553892136,0.33517420291900635,0.5841465592384338,0.5137182474136353
403,0.4530099630355835,14.186631441116333,0.015266564674675465,3.692751407623291,3.000265e-05,0.05837005376815796,0.10259226709604263,0.33543893694877625,0.5836820602416992,0.5129472017288208
404,0.4521297812461853,14.216969013214111,0.015251711010932922,3.6940224170684814,2.995315e-05,0.05834824591875076,0.10236461460590363,0.3344774842262268,0.5834730863571167,0.5118324756622314
405,0.45309528708457947,14.161309242248535,0.015234104357659817,3.691923141479492,2.990365e-05,0.05837797373533249,0.10264328122138977,0.3352903127670288,0.583784282207489,0.513230562210083
406,0.45369216799736023,14.181598901748657,0.015278765000402927,3.686044454574585,2.9854149e-05,0.05847920477390289,0.10284584015607834,0.33577802777290344,0.5847875475883484,0.51421058177948
407,0.45306673645973206,14.187055349349976,0.01518421620130539,3.6940624713897705,2.9804649e-05,0.058360304683446884,0.10259408503770828,0.33603811264038086,0.5836216807365417,0.5129472017288208
408,0.45339784026145935,14.171489000320435,0.015273304656147957,3.6892106533050537,2.9755149e-05,0.058493610471487045,0.10252810269594193,0.3359684646129608,0.5849500894546509,0.5126360058784485
409,0.4531486928462982,14.205344676971436,0.015360124409198761,3.688908338546753,2.9705649e-05,0.0584917850792408,0.10278822481632233,0.33480727672576904,0.584922194480896,0.5139133334159851
410,0.45372071862220764,14.183507919311523,0.015302243642508984,3.6888599395751953,2.9656148e-05,0.058492228388786316,0.10280219465494156,0.335819810628891,0.584922194480896,0.5139830112457275
411,0.4526689350605011,14.176752090454102,0.01534874178469181,3.6884403228759766,2.9606648e-05,0.05835936218500137,0.1026972085237503,0.334974467754364,0.5836031436920166,0.5135138630867004
412,0.4533942937850952,14.186967849731445,0.015371986664831638,3.686555862426758,2.9557148e-05,0.05844484642148018,0.10267584025859833,0.3358616232872009,0.5844345092773438,0.5134163498878479
413,0.4530050754547119,14.162959575653076,0.015371889807283878,3.6877846717834473,2.9507648e-05,0.058393754065036774,0.10256156325340271,0.33577337861061096,0.5839096903800964,0.5128403902053833
414,0.4540262520313263,14.188525199890137,0.015353947877883911,3.6855387687683105,2.9458148e-05,0.058516815304756165,0.10279566049575806,0.33611243963241577,0.5851544737815857,0.513996958732605
415,0.45422983169555664,14.181919813156128,0.015306788496673107,3.6800832748413086,2.9408648e-05,0.058544717729091644,0.10287461429834366,0.3364747166633606,0.5854610204696655,0.5143685340881348
416,0.454489529132843,14.197076797485352,0.015347187407314777,3.6816813945770264,2.9359147e-05,0.05850660055875778,0.10300838947296143,0.3370460271835327,0.5850383639335632,0.5150699019432068
417,0.4549313485622406,14.184445142745972,0.015314319171011448,3.68217134475708,2.9309647e-05,0.05858323723077774,0.10302240401506424,0.337334007024765,0.5858372449874878,0.5151023864746094
418,0.45373034477233887,14.184221744537354,0.015357542783021927,3.6858081817626953,2.9260147e-05,0.0584680549800396,0.10260894149541855,0.336576908826828,0.5846806764602661,0.5130261778831482
419,0.4540025293827057,14.195579528808594,0.015449817292392254,3.6833198070526123,2.9210647e-05,0.05856562405824661,0.10284023731946945,0.3361031413078308,0.585623562335968,0.5142338275909424
420,0.4535520374774933,14.177771091461182,0.015332184731960297,3.681926965713501,2.9161147e-05,0.05843045189976692,0.10281427949666977,0.3356804847717285,0.5842951536178589,0.5141130685806274
421,0.4543073773384094,14.1567862033844,0.01520898099988699,3.681928873062134,2.9111647e-05,0.058397453278303146,0.10276868939399719,0.33797961473464966,0.5839793682098389,0.5138158202171326
422,0.4543538987636566,14.198884963989258,0.015422162599861622,3.679270029067993,2.9062146e-05,0.05855631083250046,0.10302886366844177,0.3362564146518707,0.5855724811553955,0.5151720643043518
423,0.45316654443740845,14.19162392616272,0.015339197590947151,3.682992458343506,2.9012646e-05,0.058467134833335876,0.10277055203914642,0.334951251745224,0.5846853256225586,0.5138483047485352
424,0.45478585362434387,14.19698190689087,0.015366638079285622,3.679372787475586,2.8963146e-05,0.05860552936792374,0.10298427939414978,0.3370971381664276,0.5860834121704102,0.5149398446083069
425,0.4552305340766907,14.187189102172852,0.015361844561994076,3.6778364181518555,2.8913646e-05,0.058685917407274246,0.10312268882989883,0.33724576234817505,0.5868498086929321,0.5156040191650391
426,0.4548020362854004,14.204866886138916,0.015422164462506771,3.6782729625701904,2.8864146e-05,0.05852239951491356,0.1030074805021286,0.3372085988521576,0.5851916074752808,0.5150652527809143
427,0.4552132189273834,14.170772075653076,0.015453607775270939,3.6772098541259766,2.8814646e-05,0.05866129323840141,0.10307343304157257,0.3372364640235901,0.5866314768791199,0.5153764486312866
428,0.4550044536590576,14.180827140808105,0.015309196896851063,3.6741414070129395,2.8765146e-05,0.058619946241378784,0.10305763781070709,0.3369763493537903,0.58616703748703,0.5153299570083618
429,0.45497724413871765,14.218599319458008,0.01543266698718071,3.6758792400360107,2.8715645e-05,0.058531709015369415,0.10302508622407913,0.3377055823802948,0.5853402614593506,0.5151209831237793
430,0.4551582336425781,14.185361623764038,0.015339754521846771,3.675114870071411,2.8666145e-05,0.05863433703780174,0.10298331826925278,0.33732935786247253,0.58638995885849,0.514967679977417
431,0.4542687237262726,14.19114875793457,0.015338074415922165,3.673772096633911,2.8616645e-05,0.05853356048464775,0.10289227962493896,0.3370274603366852,0.5853449106216431,0.5144846439361572
432,0.4552924335002899,14.17924976348877,0.0153812849894166,3.6782355308532715,2.8567145e-05,0.05860697478055954,0.1030455082654953,0.3376312851905823,0.5861066579818726,0.5152324438095093
433,0.45493125915527344,14.202424764633179,0.015429435297846794,3.6763930320739746,2.8517645e-05,0.058591149747371674,0.10292201489210129,0.33732470870018005,0.5859347581863403,0.5146379470825195
434,0.45510587096214294,14.179091930389404,0.015360024757683277,3.6742467880249023,2.8468145e-05,0.05864270403981209,0.10315241664648056,0.33706924319267273,0.5864178538322449,0.5157201290130615
435,0.455906480550766,14.186468601226807,0.015499763190746307,3.672590732574463,2.8418644e-05,0.058684512972831726,0.10318213701248169,0.33821651339530945,0.5868358612060547,0.5159012675285339
436,0.4551466703414917,14.175684213638306,0.015441717579960823,3.6749911308288574,2.8369144e-05,0.05863620713353157,0.10301022976636887,0.33742690086364746,0.586380660533905,0.5150420069694519
437,0.45639359951019287,14.171622276306152,0.015418252907693386,3.6708126068115234,2.8319644e-05,0.058752816170454025,0.10325457900762558,0.3389968276023865,0.5875139832496643,0.5162636041641235
438,0.45654910802841187,14.147957801818848,0.015435987152159214,3.6686244010925293,2.8270144e-05,0.058794114738702774,0.10329636186361313,0.33871814608573914,0.5879412889480591,0.5165097713470459
439,0.45643576979637146,14.167902946472168,0.015512297861278057,3.6671366691589355,2.8220644e-05,0.058776963502168655,0.10330011695623398,0.33863455057144165,0.587792694568634,0.516528308391571
440,0.4562985301017761,14.163498640060425,0.015454384498298168,3.6708757877349854,2.8171144e-05,0.058680783957242966,0.10332892835140228,0.3390432894229889,0.5868172645568848,0.5166165828704834
441,0.4560098350048065,14.189208507537842,0.015477019362151623,3.6691555976867676,2.8121643e-05,0.058716580271720886,0.103288933634758,0.33803537487983704,0.587137758731842,0.5163982510566711
442,0.4563755691051483,14.195482969284058,0.01545244175940752,3.6659579277038574,2.8072143e-05,0.05869520083069801,0.10340972244739532,0.33882495760917664,0.5869287252426147,0.5170392394065857
443,0.45660096406936646,14.171598434448242,0.015358044765889645,3.665743112564087,2.8022643e-05,0.05873466283082962,0.10330285876989365,0.3392569422721863,0.5873328447341919,0.516528308391571
444,0.45549798011779785,14.15375280380249,0.015404297038912773,3.6713826656341553,2.7973143e-05,0.05864550173282623,0.10320717841386795,0.33774274587631226,0.5864178538322449,0.5160174369812012
445,0.4557371735572815,14.158490419387817,0.01550331711769104,3.6687705516815186,2.7923643e-05,0.0586998425424099,0.1031143069267273,0.3381050229072571,0.5869845151901245,0.5155482888221741
446,0.45662814378738403,14.163169622421265,0.015479007735848427,3.665006399154663,2.7874143e-05,0.05871471390128136,0.10327965766191483,0.3392290771007538,0.5871610045433044,0.5164029002189636
447,0.45675912499427795,14.178646564483643,0.015445836819708347,3.6661715507507324,2.7824643e-05,0.05879269912838936,0.10336509346961975,0.33882033824920654,0.5879645347595215,0.5168534517288208
448,0.456650972366333,14.181588172912598,0.015550868585705757,3.665837287902832,2.7775142e-05,0.05871981009840965,0.10346729308366776,0.3390200436115265,0.5872213840484619,0.517350435256958
449,0.45660924911499023,14.17104196548462,0.01548841968178749,3.6651644706726074,2.7725642e-05,0.05882662162184715,0.10349514335393906,0.3383883535861969,0.5882339477539062,0.5174897909164429
450,0.4563864469528198,14.180659294128418,0.015686744824051857,3.665952682495117,2.7676142e-05,0.05881408601999283,0.10330290347337723,0.3383790850639343,0.5881363749504089,0.5165051221847534
451,0.45699313282966614,14.164263248443604,0.015457306988537312,3.661482095718384,2.7626642e-05,0.05881829932332039,0.10365774482488632,0.3387274444103241,0.5881967544555664,0.5182561874389648
452,0.4573673903942108,14.193020582199097,0.01544306892901659,3.662571668624878,2.7577142e-05,0.058866579085588455,0.10373113304376602,0.33882033824920654,0.5886937379837036,0.5186648964881897
453,0.4581699073314667,14.179863691329956,0.015541697852313519,3.6594431400299072,2.7527642e-05,0.05891861766576767,0.10370228439569473,0.34041348099708557,0.5892046689987183,0.5185441374778748
454,0.45708054304122925,14.169097661972046,0.015429909341037273,3.6609137058258057,2.7478141e-05,0.05884150043129921,0.1034533753991127,0.3392290771007538,0.5884522199630737,0.5172761082649231
455,0.4574320614337921,14.17583417892456,0.015448857098817825,3.6595354080200195,2.7428641e-05,0.05889211222529411,0.10348493605852127,0.3397214114665985,0.5889120697975159,0.5174247622489929
456,0.4574275612831116,14.19655990600586,0.015645204111933708,3.658012628555298,2.7379141e-05,0.058920472860336304,0.10378313064575195,0.3386670649051666,0.5892093181610107,0.5188925266265869
457,0.45610928535461426,14.201495170593262,0.015586994588375092,3.664560079574585,2.7329641e-05,0.05878392606973648,0.10333721339702606,0.33752909302711487,0.5878623723983765,0.5166630148887634
458,0.45780378580093384,14.180238723754883,0.01545313186943531,3.656585693359375,2.728014e-05,0.058897703886032104,0.10355187207460403,0.3398236036300659,0.5889538526535034,0.5177359580993652
459,0.457770973443985,14.127078533172607,0.015394751913845539,3.6598520278930664,2.723064e-05,0.05887589231133461,0.10365405678749084,0.3399815261363983,0.5887494683265686,0.5182701349258423
460,0.4576551616191864,14.123058795928955,0.015538024716079235,3.6580567359924316,2.718114e-05,0.05884382128715515,0.1034989058971405,0.3401719629764557,0.5884382724761963,0.5175037384033203
461,0.457797646522522,14.123732089996338,0.015548997558653355,3.660219669342041,2.713164e-05,0.05882292985916138,0.10363174229860306,0.3405667543411255,0.5882710814476013,0.5182004570960999
462,0.45767974853515625,14.134730339050293,0.015482218004763126,3.6574676036834717,2.708214e-05,0.05894557014107704,0.10351653397083282,0.33950310945510864,0.5894647836685181,0.5175873041152954
463,0.45757362246513367,14.147906303405762,0.015486233867704868,3.6580312252044678,2.703264e-05,0.058884717524051666,0.10347475856542587,0.3397214114665985,0.5887959599494934,0.5173969268798828
464,0.4581868052482605,14.143754482269287,0.015437625348567963,3.6535282135009766,2.698314e-05,0.05897156521677971,0.10373576730489731,0.3400883376598358,0.5897341966629028,0.518706738948822
465,0.45886561274528503,14.125071048736572,0.01562701165676117,3.6543426513671875,2.693364e-05,0.05903703719377518,0.10368004441261292,0.34102192521095276,0.5903472900390625,0.5184233784675598
466,0.4575546085834503,14.131379842758179,0.015632275491952896,3.6590099334716797,2.688414e-05,0.058885201811790466,0.1036948636174202,0.3394380807876587,0.5888423919677734,0.5184605717658997
467,0.45759665966033936,14.124934434890747,0.015592213720083237,3.6572604179382324,2.683464e-05,0.058833155781030655,0.10369210690259933,0.339726060628891,0.5883640050888062,0.5184744596481323
468,0.45801058411598206,14.114155769348145,0.015563317574560642,3.6532435417175293,2.678514e-05,0.05891350284218788,0.10366054624319077,0.3400929868221283,0.5891535878181458,0.5183212161064148
469,0.45831888914108276,14.12913203239441,0.015495826490223408,3.6547844409942627,2.6735639e-05,0.058917220681905746,0.10389646887779236,0.34050172567367554,0.5891860723495483,0.5194684267044067
470,0.45814818143844604,14.130053758621216,0.015500149689614773,3.651371479034424,2.6686139e-05,0.05895809456706047,0.10383054614067078,0.339637815952301,0.5895994901657104,0.5191851258277893
471,0.4583646059036255,14.121281385421753,0.015561655163764954,3.6517035961151123,2.6636639e-05,0.05897529050707817,0.1036689355969429,0.34052494168281555,0.5897481441497803,0.5184140801429749
472,0.45801106095314026,14.12340497970581,0.015568495728075504,3.6521077156066895,2.6587139e-05,0.05889631062746048,0.10360666364431381,0.3403856158256531,0.5889817476272583,0.5180239677429199
473,0.457504004240036,14.129017353057861,0.01564769819378853,3.65549373626709,2.6537638e-05,0.05888563022017479,0.10366146266460419,0.33926621079444885,0.5888330936431885,0.5183165669441223
474,0.4584333002567291,14.12655782699585,0.015653196722269058,3.6538171768188477,2.6488138e-05,0.058892134577035904,0.10375522077083588,0.3411473333835602,0.5889678001403809,0.518771767616272
475,0.45930245518684387,14.126592874526978,0.015603706240653992,3.6494956016540527,2.6438638e-05,0.0590338259935379,0.10394756495952606,0.3411427140235901,0.5903379917144775,0.5197285413742065
476,0.45957764983177185,14.1262845993042,0.015598743222653866,3.6457018852233887,2.6389138e-05,0.059150855988264084,0.10405907779932022,0.3407664895057678,0.5915038585662842,0.5202998518943787
477,0.4582895338535309,14.128132104873657,0.01563231833279133,3.652981996536255,2.6339638e-05,0.05902960151433945,0.10386399179697037,0.3394938111305237,0.5902543663978577,0.5192919373512268
478,0.45832374691963196,14.12758731842041,0.015594005584716797,3.6500065326690674,2.6290138e-05,0.05895111337304115,0.10373580455780029,0.3400651216506958,0.5894694328308105,0.5186602473258972
479,0.4590120017528534,14.115074396133423,0.015562223270535469,3.651103973388672,2.6240637e-05,0.05901104584336281,0.10383609682321548,0.3413238525390625,0.5901382565498352,0.5191851258277893
